,dataset_id
0,c16e07c8-49aa-4bb2-ae0f-890389ac5b88
1,070b7410-d053-42e7-8b3a-3e336ae66567
2,5b60fe9c-d343-4449-8d0d-38abec11c99f
3,38ec5e8f-fc0c-479d-8cf6-1eb981bd206f
4,7961de5d-39b9-4919-9c7e-1280bdfba06a
5,c91d6d49-5eb5-4491-ade4-445dae61ccf0
6,8c168f34-5c2b-4cad-9473-b329596ad8ae
7,6ef2a0e0-1b0e-45cd-aba5-80ad3e400ad9
8,9c160ed6-cdf2-4d59-a5f3-a06526df5f9a
9,a61aae08-5042-4664-a834-50ff19dbc489
10,dfbe5988-aff7-4ac1-a0a3-06cc2329af69
11,2d5dc314-38fd-41d4-b6bb-ba6d232aba9a
12,3322d09a-4e81-450d-9bfe-af5abd568083
13,3ae3e228-c11f-45e0-9de0-f03ff09cb83a
14,6bebe065-eba6-4f18-9ef5-adb784e56205
15,5e843c08-e29c-4296-be4d-bd59a7c46d7e
16,a837aa50-87e8-4413-8736-d13fdb7590fd
17,26c5c31f-f3f2-4777-8ed7-bbe45a522636
18,c2036b4e-4148-46ee-87fa-7abff36a269f
19,676b2abe-5c09-4bab-8ec6-715ee6636319
20,e9569239-74c1-4176-9d20-46a273dccd43
21,4a9275f2-861c-418e-aa64-49f4aa4e044b
22,6eaa4de8-02de-4306-826e-1bdb62c4dd65
23,f9f9150d-2447-4790-a005-0ae864dc36f5
24,3de1a824-44cc-42ab-b427-c1bd7e19244a
25,6242cbe7-6633-4b32-a69f-52656995a644
26,b4232e3d-858f-454a-a532-ae7c403da605
27,e0a29dfc-d6e9-4a88-8f0a-1a924c707cb9
28,7be77e6a-58f8-4b9b-b4ea-121108ddd8e1
29,16397e55-cdf3-463a-ac55-90b83c2e35b5
30,f49dda8e-5a95-45d7-bccd-3b76b84f93a4
31,0f712c61-05b2-4161-8749-84ad72a9fcfb
32,ddfd81bd-69d5-4a56-8250-d6aeb921b29c
33,920ca2fa-1605-42a1-a57e-534780af0f9d
34,f97b8409-adfa-4ff4-b0fd-c6f36a699d80
35,db1fa5d5-7fc7-4bfa-95da-3185f53e6ea7
36,2a36cce8-f789-470d-b461-30b1ea070751
37,9542b195-394f-4ad7-8277-82ca71be55b4
38,98406b22-9919-4035-9295-2eb523d40eb5
39,a61fc64b-ed95-4543-8ece-3119fb529be1
40,c5c5e27b-985f-4aee-921f-94a0698a0522
41,cad93260-0c21-4cf7-ac63-f9af968bfbb2
42,d4b309d6-80ba-4aa2-9087-cfd9c3f73152
43,a96a1c65-9bd5-4e5a-8b88-fe3b1e3b5636
44,abbb8463-43b5-4888-8524-e8200e15ef79
45,56a7cb63-b408-4d9a-a24f-8326c33a1e00
46,da3b54b6-48d4-43c5-8b31-28271d7941af
47,1efd6fbb-bb19-4346-b9b6-8c541f21baf9
48,3c9938bd-0bbe-4075-befb-dcb95be1aef5
49,9ccf901f-faa5-476e-aa1e-84925f5adec9
50,d1506242-263d-4c18-a513-f17dc8dd8e57
51,dc5cb4f9-7f0b-46c4-b91a-7e8c75c8f8aa
52,0444c530-f280-4450-b1cb-baad8c046ca1
53,93aa6670-8560-42bd-b0ee-910c6ed1843f
54,af1e1a20-c6a9-49bd-bcf6-982abb2661ab
55,6b46ee81-4007-4b9f-a097-9c4bdcecc8c9
56,37c397d0-c06a-43fa-b950-a2c9e15962d6
57,6d2aa754-aa5f-4291-8e06-43dc356d46ab
58,7035d424-3dba-4c3f-989e-2d3097c8dfd2
59,fafa6d01-17b0-4026-bfc7-cf2581f0cfa9
60,92597c6d-40fa-431e-94bf-5b930aa4797e
61,066e7069-dc8a-43cc-a831-53f4713b1130
62,49892eaf-fdea-4ad7-af63-290076904e1c
63,a197e81e-7614-48db-a389-c94a323fc744
64,73d5a610-d926-497c-a4da-6b31bb5754da
65,bd941eb1-d512-4f65-9ab8-d6021fe4d877
66,7167f119-5f21-47e6-bb7f-e79b08065c45
67,a9fcb585-b842-4b69-97f5-28e372440eb8
68,5bc75b41-beb2-42b6-8969-13e0be154f72
69,6c1d8f6f-dc54-4572-91e0-554e93480bd7
70,44809de9-d186-4e56-8fb3-63fa54c79080
71,e18b1aad-b331-4e46-bef0-9083d63300e8
72,f939691c-86b6-4350-aeb3-ef9441d730a4
73,ebbcb591-3b59-4694-a8b4-a01fcda2c538
74,f4f4d5e6-2bc2-4148-9874-32c31d16197a
75,72c7a12f-34b0-4aff-91fd-e1251137ed14
76,f477091c-33c3-4db9-ba14-a9f5e6ad7b58
77,515bc3ed-3f15-4b9b-93c8-a66ca21d275f
78,beab3d32-9af6-4a66-9a76-a28d2d4792cc
79,7fdfb88c-c0c2-40fe-a5d4-e6b9df64f5d1
80,97f3e770-1cae-4441-962a-a6dce1057f5d
81,204a5a51-c1ca-4cfc-9142-5570c4f96a7b
82,7fe90b96-ba20-4173-9ede-befcf8a5bce8
83,4987b769-7726-4136-9fa8-87de39b21c0f
84,1bd1b382-1096-4e71-aa35-8459cb4ffacc
85,4dd88c23-fd55-4ff8-9d24-3dab07d07068
86,300c8851-bdf3-474e-b1c1-bdca78a498b2
87,76601f6b-0650-492a-90a0-fd777b4fa75d
88,74f43ad7-efbd-4eba-8b29-c6edc0bbc015
89,8d324993-9642-407c-9f7c-d30f78025f30
90,9460b594-3d70-45ee-86c1-4f91b349dfcf
91,99f23f8a-d4b3-4d6f-b404-83ba5fa893f4
92,987e5ed5-8451-4ed7-9586-026c38ef31c0
93,7ef5f7dc-b4d8-436c-8985-5fbd132b8fbb
94,8a85712d-c61e-4175-96e8-80596362d59d
95,e1b37831-424c-46a2-8f2c-ce42147b6006
96,b2c644f3-7cd8-4568-8996-46c376d78f53
97,7168ca24-4180-4b41-97f7-340fe273d509
98,160c7dd4-c349-49b4-bba4-26c9acf5adc2
99,e2c9d791-cab7-4f77-9171-680168c77314
100,457d9a82-2b32-400c-bc19-5dc811540c06
101,16960c86-d6cb-4eb5-9570-562677a9f2db
102,428bcf22-6f63-4f8d-848c-41f153b02c95
103,769f3e42-d25e-468d-9800-e0494fabc9bf
104,f541fd6d-bb0c-4f75-821b-4ff769b041a0
105,641f2877-4fd4-4081-b9af-4e6b859b7252
106,93db08b7-c98b-4ae2-b5cd-2bf6a11dcac1
107,9e9baf56-899d-449c-8b0e-0c8cd7709297
108,69cf2e80-cb73-4176-aebe-c765b6bf8720
109,1faa5c77-e3df-4636-b840-a1491963d2e8
110,b0f51f7c-6450-4077-b44b-a2f904793eb6
111,cb01d433-c7ca-4253-8fa6-dfb23dfdc0f3
112,d05d0723-8c33-4cfa-a8a1-da971d38a290
113,c8d22bf2-cfbc-4e15-a9db-1aaf4b83f494
114,aacf732a-3cf6-43e7-a5f2-91ca6fdd6e0c
115,461179ee-d800-4e9e-88d7-f521eec12162
116,380a9208-a39e-4d49-a16e-5186a2d03676
117,02fcee2f-4165-467a-9881-057d87798322
118,5058375a-ece5-4746-8c94-b93353e8ddb0
119,deab97bc-2ac5-4175-a72b-279e565672ad
120,367b8430-c354-47e3-9820-4b27b3da2a89
121,dbe8a32d-ebd9-4755-a6a4-5bb88ce21c82
122,e877d870-6818-42c6-a9a4-a0a6faae66bb
123,9d366703-c148-45fc-bfb4-4a063569e1f5
124,0fabee9b-b03f-4bed-a9fa-df25c92f9d2a
125,01d15a45-6d1f-4717-ba84-4c732e5c712f
126,a60cd903-d63d-4815-af96-7ea9d99f9f66
127,08e17882-7347-4016-8de6-095d8f354c63
128,0ae13c77-59a5-45c3-86ef-ac5b911382ee
129,cb4e4ae5-1674-438d-9c8a-c10cc5d26cf3
130,eca5cdd2-a61c-47bd-a742-225d4387fc35
131,64948037-74de-416a-87e7-dedac77cadf5
132,2da9b2ec-0a4d-481e-a93a-e17b493e9751
133,e55ca015-a12d-4a8e-a4db-864877ec6440
134,863c7a10-3621-4d8b-883d-6992f4c61ba6
135,430ca150-6d52-449d-830e-5339acba3cfe
136,1bb91eb9-9aee-4650-926b-6afd63892e76
137,3b51a7bf-8cef-4df0-8e29-2869a61e843d
138,95fda7e6-554f-4406-8537-6d60996c7b14
139,0a554854-aa80-4fae-8e59-c08bb5f6f8d4
140,910a4d9c-0e60-45a8-b1f6-606eadd11020
141,ad16cc47-43c0-4a00-b572-25a5e144910d
142,0c9325b1-95ea-4de5-824d-c914e3f25d80
143,1d0c8cec-4d53-447a-a384-89cf7d6ed88c
144,ff60dc93-f524-450e-97f6-b0d2f82ec96d
145,a6dc7e3e-6e65-4956-8128-982db54f1184
146,c5c9c333-f9bb-4404-bb6c-8000a4d325e6
147,e9dcbc6c-9e82-4c8f-899e-5969d0992dd4
148,711aa2a5-5ebc-42d6-8e80-5d21648317da
149,40893784-6477-4c44-b3d5-553d0c2405ba
150,cda20feb-9bb6-4d5d-b8e8-c28b4422ede1
151,6a94e649-d55f-41b0-a7b9-b0bdc9872a67
152,b201ffc2-c2ee-464e-8cea-0ced9a3d894e
153,6746c3de-efb4-44a5-86e8-367637ce9225
154,d4e7ca4f-4cd9-4749-bab2-c4aca66c9bd3
155,0716caf7-5cd9-4ca9-8726-d53a017e03a1
156,e177d8c3-ae90-4e9a-b2ce-ccbf11e3ae4a
157,38a57dcb-353b-4b5b-ae48-17873a02f2a3
158,b56af44c-3992-4a5a-a271-87e9c5a94cce
159,97f18dae-c701-4996-b49f-b3abdcb394d1
160,1b57ddc4-9edd-49ab-9965-389ec8974e23
161,e9da6334-29b6-468e-9315-84a140965452
162,68e99a68-1aee-4a81-b37c-c4917b6be8cd
163,e9a3e63b-85eb-4545-a102-103969d56ddb
164,b07e52eb-ac25-4131-84ab-bf2f58735b62
165,efde1a72-ed6e-47f2-92ed-9e405fb183f7
166,d6c1d390-675b-4391-bbb5-88bf050690bf
167,614d9333-ff4c-4c97-b26e-66f81d2263ff
168,0e7b6472-f264-4eca-8adf-6c7b84f69436
169,e433534f-d5a2-4ca0-aa33-e1ef18091122
170,4c4c9533-35e9-4981-b99d-405f51f30b60
171,5311e0b6-bc6f-4124-847f-38e6b1d99f65
172,eda81210-00b6-4464-9727-7b442ff6e310
173,6ee05e99-5e18-4ae8-a6ad-2b51dce5ac9c
174,3142b721-8f85-41f6-ba87-3cfbeec5043e
175,a41ced3a-405b-4a42-b319-811a1bf296f4
176,30c65edd-24dd-404d-89cf-654015856587
177,363863a0-436a-47a0-9411-34a711e3a5ee
178,31f683ce-76fe-45c8-a362-4330efe7f2f2
179,e10cb66a-e2e4-438b-acc1-55e732f5d89e
180,e30d84a2-1445-419d-ba5b-00ef72613156
181,110f45f8-7854-4747-ac75-63c0f1a6d324
182,4e0178c9-b4fd-49db-8c2e-42225b9edf9f
183,93c43e40-55bc-4c13-8eef-fc961ee7d360
184,0992fbf5-097e-4e11-b77d-7b67aded890e
185,0fa9d4e9-5019-4014-839e-dd013228cf93
186,1d3026b2-74c2-4df4-9149-4b912252b434
187,afde4e35-848c-4eb2-a8c1-d7b011fb4ffb
188,4cf15398-9653-4238-b240-ca11adaeaf33
189,ce123733-e6f1-4e67-96bb-7aff770a88dc
190,6a8a7567-7d3c-4303-87e7-0247fd718d23
191,105ffedc-d9a6-4ee0-941b-e4c895f9c042
192,9c74d851-b704-4673-8954-2b4dc85082f7
193,92ff6d68-a6bc-4f6e-82fa-2c5bf577483a
194,eb7b95aa-ef46-49e7-b45e-bd491e5d460f
195,ba2c983c-2ae6-4a35-afe5-e17fb4ac94bb
196,1d30cbec-a6bd-4244-998c-3da2fb93d106
197,ab25435e-3839-4d87-aae5-6a1676ef3f28
198,768421cf-aba2-4f7a-96bc-f26cba4badbf
199,ba47762c-4ab1-404b-9e42-23a5e239cad9
200,e72e8643-09eb-4c4d-be76-19e7a3dc69ce
201,54507795-e83a-4acf-934e-475bdc26f482
202,0a0b51ea-2fc5-472b-8161-4a179598f0a0
203,cd1c2cf9-b85b-4cf8-b936-97a3197fcdd1
204,aa6c1a7d-88f7-4719-af37-9cc254b4918c
205,57bb5aab-5f5f-4a1c-be08-2a650c224853
206,0b8b202d-2bbc-4d95-93f1-3bcdde74de3f
207,37d9cdf2-e316-416d-b65d-34bd17c02fb7
208,8662d859-adc1-44dd-8120-d5a2ced585df
209,20960227-1efd-482d-b070-9b20a8c1cb10
210,eb9ed8f2-116c-41f4-ae4d-9d501f50fc53
211,6e181bb3-c0a5-41e5-a397-dc2cbaa2bfe9
212,57ce9d89-426f-4954-a44b-1af8ac23e702
213,560f095a-2e15-4c42-a98f-ce16d64ac4d2
214,55a4c791-c88c-496c-a1cf-79cb7c8da0dd
215,52f37772-d283-4d6a-9faf-df15de8931d4
216,b3a4651a-e3b0-4e1a-8853-67de8e3e19b1
217,9c8dc4e6-fea8-4ba7-b0cc-34ab5346faee
218,ea649cf9-9b96-4d1d-80c9-afd8065da63d
219,aefcd8bb-a62b-487a-8d94-e56453c7e3fa
220,92af5f66-c48f-48db-b8e9-0c41af4237ca
221,8717b497-372f-4148-92be-91cc3878a047
222,50352f76-a6a9-487f-b02d-1adc6ef796f7
223,3e4925d8-e1a4-4f0f-888d-d1d8504c427a
224,325ab8b8-e8cb-42c7-b186-9f4ef9c516d1
225,2319ad87-7796-4640-92b4-418898c9cbb8
226,7a5ae9f2-ba35-43d2-9822-22de9cdf7fae
227,4cd078a1-8ceb-4d1c-880c-6c91517666b7
228,ce5108a7-45f8-40b5-93fd-3651298c7c12
229,29572f34-693a-429b-950e-0bdf29e90523
230,7fc6a6cc-6ce5-4c88-a290-7e9e0e604544
231,530ed9be-a43f-4225-9dd0-dcbbebd6b30d
232,70909579-21e3-4447-8084-56a1a05c5d16
233,d664d81f-3b82-47e5-82dd-15d31ffcb600
234,95515b3f-52fd-4e63-a04a-8bb5e8542e01
235,122b607e-d6e4-48c5-854e-081ecc970f79
236,a2f4022b-4999-4465-afdf-e01b9d7ea2f7
237,b2ab7e27-aad0-4262-bd14-b5ccb0ad6260
238,27dfe2bf-e9fd-4e79-a595-c3b3d7e825b7
239,353a2110-7817-4c21-b0bc-b58e7b6e6645
240,e43f0da1-b3e5-4814-aa21-f1f150faa060
241,b0a4a5e9-13b6-48cb-838d-dca427685218
242,d498058d-c5a4-4d29-bfb5-9c4a1b7e2640
243,3c39d3bf-7190-4c9f-8bc9-c1ab4ec4c352
244,a439c2bc-dc54-456e-9918-c24579ec8664
245,79aa0c33-db49-4b1d-9ccc-7a5d5ad4f3f2
246,a1336cbb-4404-4d41-9dde-9619a30e58a6
247,d3a69caa-bd45-439e-ba79-1b9c6401fd2c
248,a372ae9b-7a00-4570-86ba-07e8f233ce92
249,c28196be-eada-4cbe-a378-1f51df84fc8a
250,0233bcc0-714d-41cd-806d-58c6fa6588a8
251,4f94f917-6245-48cb-aee2-4f4df6c4ac68
252,0280efe8-6f2b-4b2d-a77e-c601c28e5b71
253,0c21e24e-e53b-4976-97bf-4c340ab9eaa7
254,f890ac70-ea06-44ad-8eed-34952d0b0f39
255,7001530b-e4cb-43a7-a7cd-e653bffdb1c7
256,4e39f7cd-85ab-4677-a1a9-1e859ca3d7a6
257,df6981ec-0797-47ca-997c-dfcd8c5fd09f
258,c7d8038d-76ed-45ba-aee6-3791a54044e5
259,6a050ba6-59aa-4204-998a-933758bb773f
260,25842012-6f14-4b36-91ee-4b0fd490653b
261,e92812c1-fbf9-4714-b38a-b79891d2e82f
262,de399304-1e43-460b-a4b7-310810c41cc4
263,de6035cd-fed3-4176-aa7a-8739ca574a7a
264,d3cef78b-22be-4b57-a001-3444d5ac2ffe
265,19747f62-c21c-4688-991a-7b7ee1604c8d
266,0cdf2c43-9bcd-4cdc-9145-497d9fb83696
267,0d42d971-c4f3-4cf4-971f-f380d226113b
268,eda2790e-3fdd-4621-a451-2896b24ae78a
269,b85ad188-d4a2-439b-badb-a8b467e762ad
270,d50bdf3a-3e65-4003-b0c3-a9a832f92c34
271,e3b133e5-65f9-47f7-be15-637ee5f334ec
272,08150b8d-a6ab-4466-a7b2-c1087e713c51
273,82237144-41bb-4e7f-9ef4-cabda4381d9f
274,f229df73-2b61-497c-bc6d-185e7f2d1515
275,955fb963-0525-4ae3-8177-62eb7e2af276
276,474bc31b-4752-494d-b2c8-d23f08d86f6e
277,526e6c4b-5b00-43b1-aa48-1f1028bc41ad
278,167e2841-8e3c-4cf0-92af-b46c3b540ff4
279,3908c52b-b108-48f1-b98f-1ec7b6735342
280,b1c8554f-97a8-4ab6-91be-2280ac2cdbe3
281,06b68df1-5b00-481f-9d2d-3e976f46c3d5
282,c4d3e959-b163-424f-8f45-ba2234f9acf1
283,ad534eec-abad-4bb1-b0b5-c0648bfc0a97
284,81f0b888-ed61-4529-b940-fb9db5da0415
285,9568e7ba-78fb-4077-8732-3e7357bf79c1
286,50f9242c-52a3-44b5-800a-c495879251fa
287,316f1aed-b85d-40de-8883-d0c351cc7453
288,33cd051a-32af-43c4-b789-6b73fbecaa56
289,f97491b5-736d-415d-b009-1bdcfb7db669
290,51c89626-e1d7-4847-b8c4-b630c23cdea1
291,1143267d-c812-4939-8ba4-dde7c7584668
292,1ee0bfb9-7e48-4922-9704-01019c0e0341
293,76910106-84c3-44b0-8409-2f82dbcd9fb5
294,f1b7f563-6569-4b36-9a60-57fedc4b4a2a
295,a2b89de4-04da-40bc-98de-5fce554c6fa0
296,433df34b-bfa5-4a82-986b-d8a96752e101
297,25019720-36a3-466f-b0e3-15ef63753939
298,c7fbdfd9-ea16-4211-964f-7ad5db51db66
299,c7b78fa3-4d65-4c5b-8520-7d67530c6aa7
300,8091108f-a0d2-44e0-bf01-5c0a93de7844
301,3afad240-b6cd-45ee-b471-aa4265c23ce6
302,bce466b6-0013-4da9-a1e5-abaa02b18705
303,e2723912-e6fd-45b7-b203-d2a18c46071a
304,e8b14bca-bb27-4567-a63e-66e8d348c8f8
305,a03853e8-6383-4ec7-926a-75e878b052db
306,94a47981-0f30-4920-b83f-594b1d6f2e2b
307,54e5d55d-e19d-452d-beed-ff49a5b3b38b
308,eaed8cf5-0bb9-4eaf-8d8e-3471e39d63fa
309,ae1ab148-520f-4003-91d0-2ff05480b191
310,66d5ede4-c4c5-44b1-a665-820ad0f0b7c8
311,9242bd1f-e1cd-4f78-87fd-47da609a50c3
312,aeb4c865-3f0c-49d2-aae3-f018eb9dace4
313,992b9dc5-82cb-4b06-976d-fd489a1d4eb4
314,236a116c-8a18-4dd0-a2b5-169b28ef7fd4
315,a3bf84f1-3ee2-4f3c-a36a-4b4959a513ba
316,b9d9825e-c47f-4a21-a7f2-9847038e3c14
317,face92e8-c8e9-4d10-8a89-525acc3381e2
318,e9d8ddb5-ddaf-48b7-8a78-49d909c80ef1
319,837af07a-26aa-4264-97d6-fa55d2382f77
320,c0c3c1a7-ee4d-4117-8a6f-93d9d43c52ee
321,bce68e1c-1d72-4bf9-b77f-0c9e3b1c5c12
322,4f397701-da2e-460b-9937-a6a53ff23959
323,45854a1c-c309-4bb0-806e-a4f9f1617472
324,b31f4721-0163-4aec-a92e-7353764ce355
325,fedbe9a1-0ed7-4c0b-b226-e0ef247b86f4
326,25c2b0f4-6201-407d-8cf6-f892370a5a44
327,ffea1a62-dc7e-4d01-8f86-03801a88615f
328,eaa07c05-df66-42ce-ae59-326b6ac9e8f0
329,4420d325-141b-4d30-8b92-0f8f545274d3
330,6a0c68d2-2728-4d3d-8422-2228fe52226b
331,eb04d3e9-5e67-4833-8321-fbccb3e9699b
332,495dfc0f-3450-4f75-8629-055e16e053a3
333,2e0f57b0-8fc9-4d08-b16d-6b9e4009deb5
334,99c957a8-f664-463b-afae-a1ba570a85b2
335,55da0b2e-69d8-40d9-961a-d812b38876ba
336,94285bfd-7500-4583-83b1-906c420cc667
337,bb6bb56d-887c-4dc4-9a32-c13b4c92256e
338,10a1244b-b527-4e39-ad6b-e1f64a4c3902
339,ca99fbcf-0d9c-45ac-9e40-913c7871fb6d
340,f8b90888-b6cf-4462-beac-a467520e961a
341,7bcaf2fc-6cb0-45a4-9708-193904026721
342,8164342b-3289-4d70-bb85-b205b4ffbcfd
343,40ef7f67-7d1b-4a4a-8729-b04284d9bb6f
344,97a83209-7b62-48da-805a-6fddd342f244
345,c7d84d1f-7f60-417b-974a-0bb59fb88f33
346,2b479438-2e0f-47ed-96cc-14ea415739d9
347,53182d6d-61b9-4d99-8e1c-1d6245ee923a
348,f6011d97-2d08-4e97-ac72-1851fd2ff73e
349,35976552-2c0f-4104-a79f-b40fe9efd747
350,d3c7d6d8-22a9-4d19-a15b-c9ad8c7cde0f
351,c1f5e7c1-26e3-43eb-aabb-f411551649d2
352,dfed8727-da6b-41f8-87c0-1648097aec99
353,cb336885-2bba-43d0-9e25-e6ed316ab22d
354,64507d74-1af4-41e1-b785-680d801e325a
355,bb6b22ea-d744-4050-a632-bfa5a5c02cca
356,3081bd45-6e10-4342-b09f-24f97ff4beee
357,2b820d68-e1f6-4713-993c-dcc844128a75
358,56cd0ba8-d1c0-4936-9a22-58721dfdef25
359,64924ee8-395e-41f8-ac07-c74f853a8671
360,11914a2c-bf83-47b1-ab8a-b743663ac3c5
361,5c814a9b-be69-4513-8282-a8fd3d562521
362,40af4a49-1b9d-45ec-b443-a151c010ea3c
363,ea257f30-8a0f-4cde-83d2-aa4d2ce4bd23
364,dd78976c-fc95-4221-83db-a034652b8867
365,3d9cbd53-fe3f-41ca-ae37-71936f5ca68f
366,3d1fc6f0-48bc-493e-834d-d1cf6a496255
367,854e2ec7-c974-4dcc-8dea-b0a6063febdf
368,322e85c0-b5d8-4013-9db0-5f523a2a489c
369,600b333b-030b-482f-a02f-0a8b90e73eab
370,a51473f0-4139-4d01-9264-bea36db1789a
371,cf745deb-4a45-418f-9871-6a51a6ec712d
372,582cd4c3-02b8-4121-84ba-f4611aa4dcfe
373,249fd743-3207-478f-923a-45749d92d87b
374,7fbebff5-8f6a-4b4b-aeba-c5a9118343db
375,545f7a74-9a47-438b-8367-d715d70a3710
376,5327c66d-dab0-41b3-b180-3aa7d47d5303
377,af8dd0e9-2057-4d2c-b47f-2598153f187d
378,6cd3b0c3-8d83-4367-b554-f90f8d505c0e
379,0d0bad29-7f05-4825-8cf9-50d9b7dc83c3
380,cc9bf356-9ec2-4100-8256-4a0363d2085a
381,9314c967-4b92-421a-8956-3daaf5be1da7
382,00c234a3-a4ff-4f97-a522-939d15528a45
383,53ab50fe-b57d-4013-909f-05219e77b053
384,84116a5c-131e-40a2-92d4-62c4aaae5c52
385,c4df1eea-c92c-479f-a907-41fa6e770094
386,67b3a4fb-29fc-40d2-a4fd-477689ba0aa2
387,2b8f3ebd-277c-4a61-83a1-c38fee79acd1
388,344cad48-f043-4f36-af10-cd706beb9d34
389,64e043a9-d31e-4453-8d45-3a8ddb328078
390,68fd21d9-18b8-4e6c-87f2-910b2047179b
391,3029884a-7205-4f44-8491-eae7ae694170
392,6060983b-6231-4ae6-830d-971c68af29eb
393,850ed0ac-ead2-45aa-b437-dc110f84cd89
394,3ecaf927-1cfc-4c33-b0d8-0fa7a883e316
395,de97c402-4f93-44da-93b6-5ba9eb20ba50
396,e06e6716-59cc-40cc-a6f7-e15eec1cadd5
397,1807acee-005f-413f-b435-7cb4d3232bda
398,7735d675-8988-4d71-9647-df3b7acd694b
399,53090473-9474-4a23-8cea-c5e062c6120e
400,ab951a5f-662f-4ddd-a08b-669bd8c52af6
401,36a7e6f6-fe06-449e-b66e-8abb159cb72a
402,b15b3375-69c1-4963-aba8-fbd68832cdc3
403,10ee20c5-71dc-4e6d-9c52-45c78d9ac57b
404,08217c66-2f83-4747-ae17-04ea0f789aca
405,53099011-b7b9-4cc4-8b0b-42c94dec1e4b
406,926b88ce-c08e-410d-ba84-c442472d1fed
407,4202f2f0-39e0-4fb0-9af4-f8e5bf6b338e
408,90e2546d-fe75-4e1f-a64b-0626998f7127
409,3d44c823-9993-4029-a90e-be806a397e56
410,c26db6e1-7054-4467-8b9a-b7386958decb
411,0cfaffd3-0959-47ea-93cb-193625aabfda
412,70c7fbdc-298d-407b-b19b-a951c4359341
413,3694107b-230d-43d8-aeea-56b4aaf5a384
414,cdcf33ea-bd33-488b-b211-89a4f2111527
415,50c0af4f-ca1e-419d-8897-42e8fd6295bd
416,f7f20b51-7a0e-4fa7-8078-8144d318a3b2
417,ea2be03b-bfde-43f7-bcb7-77870c8e9d86
418,ed37d5ab-c24d-4c51-9e49-1d79f1424e95
419,44093dcd-13be-4ac4-930a-73778774a2e0
420,35fb7bb8-e9dc-4716-a455-4ecd7fdf7e2f
421,b89869a6-541b-4b65-961d-a8f523eec728
422,90562d91-8f55-46c5-9903-5bf10464fcec
423,0e0b863e-316c-49fc-b966-b1c7c84f36b1
424,034398e4-aadf-4c78-a1fc-b72f5038a7e5
425,cbf265fe-81c7-43fa-be3a-809678e5f73a
426,c35cd6c2-c06e-481a-8201-6c695ca79ab1
427,a259d7ee-1695-458a-b33d-10452fcf5f64
428,138676a2-d310-49b4-865e-0e14f8b13182
429,24aefe14-ecc6-4601-bc9e-3956823557ac
430,14632395-07c7-4e54-ae99-de38a2773b13
431,ab13a437-d7a1-457b-9c65-5bb848e8357e
432,de6362c1-eecc-49fb-bf76-19d7b0717aea
433,c50a539b-a080-493e-aef3-c20bbeea8fb7
434,021c596c-a187-4587-aaf3-2490b1cbf83d
435,1470d673-99b1-4234-b387-c0c1d442cb8c
436,26ce6f3e-8e3b-4973-b188-bf3852f2c3eb
437,feae3962-835c-43cf-8f97-539d68b8906d
438,1c1129da-6295-42fe-b401-dd92180a483f
439,90d962cb-ee0b-4126-a4d5-4f64d6a57a14
440,c7736df4-4b92-4bb3-af5f-df0f969c8836
441,8bb4c4cc-87c3-4b16-9071-83fc23e03a37
442,1bc75717-4384-4a8d-a075-939cfcbb11c0
443,50fe8e48-242a-42fc-9f5c-58b1f30c5a9a
444,3ae68896-37d8-4434-b926-0f36696eb999
445,1f0ff28c-5ea9-4df0-b709-33b71bcca6a6
446,e4382bff-794c-477b-a161-d2f3ac6266bd
447,dfd7bca4-a87a-4417-8649-a6ab2ecfd64c
448,0c4cd000-bce5-4a21-9d72-7011659c76c4
449,62f429f2-e07b-4ae4-b60d-cb2cd89d1ebf
450,7e9f74c8-54b5-4424-b0c9-d695c8c07fa8
451,01114e11-c553-4a2c-86f5-87191133be93
452,b3c1e9ef-4ffd-4756-8fcc-6760e3908066
453,507afaf2-2996-45db-9c17-51b95e114acc
454,0f58451d-dd1c-4081-9405-35e098f28342
455,925cec73-9ce6-4171-ba3f-c4c5eb989880
456,4c005851-9441-433a-b63e-41b896583bf8
457,b46ab506-3453-4af8-8769-08ef539b3b91
458,dbb79c10-4832-4036-bf1a-93846515aa6f
459,21870f45-8954-4bdf-b4e3-12608b6fa570
460,377f5e7b-7d0b-41bb-81e6-a8cf1d8d5d4b
461,c7d59f9e-9a8a-4fb4-a6b9-6cd60cd2532d
462,f03940d3-363f-460a-952c-7e96fb1c9159
463,5ab06835-862e-4a83-aa0e-35ac5d4400e4
464,72beb051-9500-40c2-8c34-edae4002d101
465,868a3954-7847-4fcb-84e9-8479da319c39
466,4a1500c2-60f3-418f-afa2-c752bb1890f0
467,681e9b3c-125f-4154-b1e1-ef276535652b
468,3a74efb6-11ec-473d-8669-4528c078cc8b
469,4e8a7ed9-cea6-46e7-9dbe-05e92e2dd47c
470,905dcfe6-5edb-48f7-b9b0-c6cd0fa4cca9
471,d1003794-aedd-49e1-905c-675cdfd27bca
472,bc1cc0bb-4ba8-489b-9235-735cff7b92bf
473,51affda3-69fb-4ccc-bf16-3bb00f359289
474,338001de-58a9-4dd1-881c-f154bc1672df
475,4050a505-5ef4-487f-ae97-cc6a6dd25a07
476,da8e7a7c-1952-45c1-bb15-f30df55f0ce3
477,c8cd43a7-b443-4342-8c37-aa93a2067447
478,a0050b1d-2f18-48ed-9355-33319eaf559b
479,b393396f-4e25-43fa-a8e6-9369c2e650fb
480,156bd626-f3fe-4dd5-b515-7efba7eb9c2b
481,e4f78f8f-4f48-46c2-9f26-cb362c8fa85a
482,e910b92b-9ba9-454d-9020-05bdbcd0db9f
483,79e328ce-0081-4e5c-80ed-02e00cb0877b
484,4dd93c10-3de7-4d77-8e6d-a05c12dfbf93
485,9c1e6580-3541-4c71-8d13-b4cd6f818195
486,a71db6bb-a220-4362-aee8-424457ba87ff
487,aa81ccd3-acd0-4278-926e-9de5d51f36a7
488,fbb99b82-50c9-4a02-a4fa-c6c288ed0bed
489,a62ffb9d-12d6-4689-82ce-2b88584978b1
490,d9f33704-8d4f-472b-9619-042a17dc3336
491,046ffcd8-848c-4aad-b8d6-42da179386c4
492,f6bbb7ff-318d-46b1-aa45-f94cf41c20fc
493,34f74c87-6ab3-4dde-80b1-2522353eafb1
494,25202fa9-0a20-4796-9bf3-9c46532b3bde
495,8d9ba6ab-125e-4e3a-9e5e-958a5c989c96
496,6367c682-c4a3-40c7-af4e-e28b688f07b5
497,a9fbac95-60ed-4fec-89f3-16b487ec8049
498,cffc4149-49d3-413e-9f7c-28c4b419de8b
499,30351c54-a5ad-4644-91c4-8684ca37ef01
500,0024b03d-b286-47ec-8326-b5c10c3ce066
501,a0f335ba-70b2-4c9c-b81b-f6ca6a76aec7
502,d63ecb84-e6ee-48a9-bafc-2d82ad714ead
503,0ebde5c8-a615-4bbe-a838-6b75d881b025
504,9c31bb81-58be-47ef-8654-312798b2de1b
505,d7e6bcad-124f-48ae-bfb4-286f87f5aa73
506,02607687-d634-4e8e-9491-e1efafa4d1db
507,066fb5b0-1f51-4e22-a398-b768dfdd0971
508,0bc9607d-0a72-4c5c-8b9d-e239a575ff67
509,3efa4da0-9206-4617-b311-93457f16e69d
510,45dd0bbc-72c3-46c8-a64f-7b3027630b39
511,9027b77f-38be-4cb2-b735-a8c274d0ffca
512,bef152fe-3647-40c5-b8d7-d2995d494a40
513,0d7886ab-4257-4ecd-98a0-2300df5a443a
514,fd512afe-de5f-4dbb-9dfa-4a65426cee23
515,f62ed140-c6bf-478f-b51c-8c3af5e30820
516,1360f768-077c-4b21-8143-3b5a0f67f0f3
517,17a7a1bb-00dd-4331-a6da-a5241bb91c63
518,2f721b84-6fa1-463b-9d61-f3c8024b3fb4
519,7b7969a6-23ae-43c0-bb71-d4b3a7be489e
520,3a8cd82f-d5ad-4ac9-b735-a124059c9f52
521,dfa5d232-b6cc-426b-b282-d71af133a58c
522,43ec27b3-3d32-4aef-9947-852fab986033
523,8431a704-bddb-46c1-beed-6c2a24dc7eac
524,d79a914f-0613-4ac3-82fe-1f8d66aa4633
525,4f2c0810-6e9d-4d06-87be-456d16d52604
526,4ee1110f-3ff3-4e26-87b0-41b687f75ce3
527,d11d7b33-3a96-4ea6-849f-5448a97d3fc1
528,5b807b18-202c-4fa8-89a2-b92dd707b5cf
529,5b30d3d8-2e2b-429b-85bc-13e7b54b36ba
530,9bed6480-3c2d-46c9-aa31-06c945ef7453
531,183f607a-593c-4d00-966e-14ca65a9a798
532,69789ce3-dbe5-41fb-8d13-ea7628a9ab50
533,9d8ff9fb-3b54-4338-ad78-bfdb3fdc8fd8
534,9fee1f02-dffa-44e8-9715-e0ea9e0806f5
535,11c23d7d-4ba7-4a2c-8f9f-fbf2757856a2
536,21aa0d77-b233-4efb-8d1d-6fee0a292ff7
537,6c1c8fcc-2297-4c3b-8ecd-5cefe1d7006f
538,9fa4801d-2c17-4759-8323-696493134d7f
539,5e24f2a8-285a-49a6-9c8f-dbd5fa8f90d4
540,63aa7dea-1ee2-4a0c-88bc-00b5cba6b8b0
541,7bca9fb7-81eb-4c80-bab4-f6461413d012
542,7d36b813-0dd0-44df-a9cc-8e445132beb1
543,7e2b87e2-fc7a-4566-b5eb-2a0b9395c5fb
544,801c9ecd-a9a6-40a3-b64b-7fa189a8b5a3
545,69236a5d-1e4a-4bea-85e9-704492756848
546,8643216d-448d-4335-86cf-03bc9fa7bd84
547,6b94f568-9bb6-417c-9423-a84559f403d5
548,b134482b-569b-4f9d-b953-565f9ed1f472
549,b420905d-b421-456a-8ef1-122f0b622975
550,287b97f9-da17-4660-9858-e637f32eed06
551,9029d522-cf24-4253-a26b-1f5d8001107b
552,91f08c6d-7ee0-487e-adf5-9c751769af06
553,2e3a207d-6b7a-41b3-80b9-d759a6557b55
554,945f72c2-a12a-45f6-9bc4-f6202c53553e
555,b77d2665-876e-41e7-ac57-aa2854c5d5cd
556,96fbf47d-576a-4996-ae55-c6cae63a0a81
557,9c4e4632-c0c6-498b-8cb9-6ecb1f606653
558,9e5175cb-3f7b-4f7b-85d4-87bf8983dde0
559,a248c2f1-b3c5-4a9f-9f01-c168e82b978c
560,a4d697b5-0517-44b1-9e8f-2bdda98a6959
561,c027a616-e68d-491b-bfa6-ed334e5a24d4
562,a6007758-ef26-4cf0-9246-c3a7de1ecac9
563,d035699e-a090-4172-a4e1-ad747ca9f7ee
564,d078bfc8-214d-4682-8621-390ad74dd6d5
565,bb5795d7-be89-4f57-9e58-034d43610c47
566,5ab9cf6d-a4d3-43b9-886e-42f86c5a0c4a
567,87d0e643-b6e6-4af6-a2d5-cf39520df2b6
568,d5dc4a40-51b6-4eb9-a6bb-b5e72942bc0e
569,d73f567a-5799-4051-9bc8-6f0fd6bb478b
570,1c8b1144-dc2a-49bb-9593-c9d07c959353
571,1d0ebf96-3ee1-4a41-adf9-18f486cd881c
572,1e3da02b-1745-4e4e-93b5-acd8648836e2
573,d828d3d0-152c-46e3-9a17-d2108ab6fb0b
574,424e4909-a9ab-4b29-a55f-a47bb564442d
575,24620dbe-dc33-4b1d-b5fb-6fd387874994
576,d9b874b3-eb5e-47e8-ac3b-4dec01c8ea28
577,44f643a9-2268-44cc-abe4-7f0c18f66ef8
578,de1e163d-edf5-4955-9a47-a13d9a9b9219
579,99ed1a2d-bb18-4f86-92f3-23a15b7d9972
580,a5d7dc10-e437-47ec-97d8-1030dc35b5bb
581,9e198738-1544-482b-a3f0-e0912bd08f40
582,e1793e9d-cd96-4cb6-9fd7-a6b662c41971
583,e23da06b-650d-4fb3-b82a-c007d6f89e0d
584,b6ba1396-698c-40e9-969e-8e9804e84c6c
585,bb5c370c-547b-439a-a0e5-2d4558013dca
586,9cbed712-3d4e-44d4-8ec8-f915a884e667
587,cc05625d-c1f5-4b68-9a89-f1e8c8c3927e
588,c14d8683-3706-4e44-a8d2-cd0e2bfd4579
589,ed4b62a1-8705-4b67-837d-b72ab39f0625
590,ee21069a-45ef-4719-8e1e-2da14febb847
591,8cea5059-d98f-42fe-8a83-69be9b005e4d
592,c4f4dcd2-c304-4028-846c-a900b7836097
593,cbe58889-6625-4902-80e8-94df30b94824
594,f61d4de7-8b48-4d65-b030-e539979a0980
595,cd133c97-2780-458e-ad87-b99322619209
596,fceb8cfe-77b4-4177-a6af-44fbf51b33d0
597,fe3e4584-d1ae-4f11-9bed-ecca6903411e
598,ea83bcd5-3b2e-4b71-8afe-200c787aedcb
599,eb36952d-5f90-4751-bfaf-5ec60fe2a750
600,f665f47f-07fe-4cad-9c5d-842a3d205e99
601,f7ea52c8-3cbe-4c4f-9532-466f1991e50f
602,f99b6d20-c403-4c41-b00e-4f10a3a2201c
603,6166b1ba-17a0-45df-8d90-27ba6b3de35d
604,b60c6fb3-4e63-4266-b67c-40ca4ed372a8
605,bd522d3b-e190-45bb-9c39-e22ac00f3d8f
606,2f4cc220-55b9-4fb3-9692-9aaa5362288f
607,16c81eaf-a032-49cd-9823-09c0c7350fd2
