,eid,pid,probe_name
0,642c97ea-fe89-4ec9-8629-5e492ea4019d,49c2ea3d-2b50-4e8a-b124-9e190960784e,probe00
1,b887df2c-bb9c-44c9-a9c0-538da87b2cab,59b7a543-8827-4157-a4f6-d5d0e50fdf39,probe01
2,93ad879a-aa42-4150-83e1-38773c9785e4,fe41986d-4966-4a77-af7e-e7f71c25aec5,probe01
3,0841d188-8ef2-4f20-9828-76a94d5343a4,c6e294f7-5421-4697-8618-8ccc9b0269f6,probe00
4,0841d188-8ef2-4f20-9828-76a94d5343a4,dd75e810-a399-4364-9d4a-517312cf3010,probe01
5,687017d4-c9fc-458f-a7d5-0979fe1a7470,f68d9f26-ac40-4c67-9cbf-9ad1851292f7,probe00
6,433320a3-2dd0-4692-8ce0-93f7c7de88ff,64346da1-c8f0-494f-a9b9-c415d7da582b,probe00
7,d035c5ba-d51e-49a9-a94b-23531a598ec3,ce16c71a-f0a6-48b7-bc2f-430ff94df5de,probe00
8,dc962048-89bb-4e6a-96a9-b062a2be1426,ee3345e6-540d-4cea-9e4a-7f1b2fb9a4e4,probe00
9,56d38157-bb5a-4561-ab5c-3df05a5d6e28,eec49415-7d37-408b-8b8b-8ed830f75c60,probe01
10,35ed605c-1a1a-47b1-86ff-2b56144f55af,85bdeae3-269b-4e39-bd9b-2b0d95aff2fa,probe01
11,66ed1e31-a048-420e-9401-da03b47ba1cb,02cb667a-f2e7-4e14-bbaa-ee9996746f5b,probe00
12,239dd3c9-35f3-4462-95ee-91b822a22e6b,e40193d5-8158-40a1-924b-5a01ed2565dc,probe01
13,8a1cf4ef-06e3-4c72-9bc7-e1baa189841b,5e8ac11b-959a-49ab-a6a3-8a3397e1df0e,probe00
14,862ade13-53cd-4221-a3fa-dda8643641f2,19baa84c-22a5-4589-9cbd-c23f111c054c,probe01
15,2584ce3c-db10-4076-89cb-5d313138dd38,b114e7e0-92b3-43bb-9529-53860e52606d,probe00
16,642c97ea-fe89-4ec9-8629-5e492ea4019d,b72b22c2-6e9d-4604-9910-20c0e1a467d7,probe01
17,195443eb-08e9-4a18-a7e1-d105b2ce1429,4d2e7e49-5b08-4914-afa6-fd311d957082,probe00
18,9fc31d79-b56f-46d0-92a0-e9563caf4a7a,b8f3a7c3-b700-446b-8d29-69691c0e3b1d,probe00
19,f359281f-6941-4bfd-90d4-940be22ed3c3,e9c04e7e-c075-4ee3-9750-dff255ec7e84,probe00
20,5437ec1f-6535-470c-80b8-4c8806ee085d,b9faf068-fd1c-4568-8a1a-f503eed6f726,probe00
21,cef05f87-161b-4031-932c-6f47daf89698,c1014051-d06b-4f85-9887-e7c42a94baf2,probe00
22,2ab7d2c2-bcb7-4ae6-9626-f3786c22d970,c44adf4f-3d1c-491f-88e4-c516cc910bd8,probe00
23,be164a14-6e73-42c3-ab60-d29c48693c0f,77121d92-6dde-4243-ab54-0a99efa22e99,probe00
24,15b69921-d471-4ded-8814-2adad954bcd8,7a620688-66cb-44d3-b79b-ccac1c8ba23e,probe00
25,54238fd6-d2d0-4408-b1a9-d19d24fd29ce,94fcff55-2da2-4366-a2c7-2f58c05b54dc,probe01
26,e56541a5-a6d5-4750-b1fe-f6b5257bfe7c,d1d9defc-6f73-489f-9f14-2c0b5e970b2d,probe01
27,0cf6d255-8f2f-463e-84fb-c54bacb79f51,c5b9e063-f640-4936-b851-f7602cb6659b,probe00
28,8c33abef-3d3e-4d42-9f27-445e9def08f9,f475ae14-9415-453e-b800-1480ea1c868d,probe00
29,caa5dddc-9290-4e27-9f5e-575ba3598614,d0046384-16ea-4f69-bae9-165e8d0aeacf,probe01
30,a2b9fbbe-79fc-4166-a16e-b307813a2f06,d552cffa-b662-40bd-b1e3-98d0a8face2c,probe00
31,d23b005f-46f5-4fe1-870c-f55f6eb9533d,d70f3604-b3cc-41b0-967a-f6619b2586a7,probe00
32,e12fbe11-8a6b-4bf6-a955-e5f6cec31ef1,01937b3b-8719-43c3-b5bd-14e6b0cf2802,probe00
33,037d75ca-c90a-43f2-aca6-e86611916779,81a1cbae-60b6-4013-9511-1bf3855387a2,probe00
34,f56194bc-8215-4ae8-bc6a-89781ad8e050,f0c390da-d8e3-4b5f-8df7-bd2f153ed01b,probe00
35,6ab9d98c-b1e9-4574-b8fe-b9eec88097e0,e4ce2e94-6fb9-4afe-acbf-6f5a3498602e,probe00
36,08102cfc-a040-4bcf-b63c-faa0f4914a6f,f7c49002-6565-4314-83f7-19b9a16d8e61,probe01
37,a9138924-4395-4981-83d1-530f6ff7c8fc,9338f8bb-e097-46d8-81b4-7f37beb4d308,probe00
38,f4eb56a4-8bf8-4bbc-a8f3-6e6535134bad,e5bd461c-a713-4b3c-b165-a132a711e59d,probe01
39,d901aff5-2250-467a-b4a1-0cb9729df9e2,12c0f3a9-518e-4dac-9651-5d95c2b4730f,probe01
40,1dbba733-24a4-4400-9436-53f1bd8428e8,ec1e2af7-c107-4a18-ab05-cefb9174d516,probe00
41,5ec72172-3901-4771-8777-6e9490ca51fc,9dff5593-e781-41a3-a6f9-20d06085e4f8,probe01
42,90c61c38-b9fd-4cc3-9795-29160d2f8e55,43436b4b-0431-407f-b83d-d657ec22b5c6,probe00
43,8a1cf4ef-06e3-4c72-9bc7-e1baa189841b,5544da75-8d34-47cb-9092-1f91e713e79c,probe01
44,91bac580-76ed-41ab-ac07-89051f8d7f6e,6d9b6393-6729-4a15-ad08-c6838842a074,probe00
45,b887df2c-bb9c-44c9-a9c0-538da87b2cab,33cde267-919e-4c4d-9105-814787499837,probe00
46,dc962048-89bb-4e6a-96a9-b062a2be1426,53b3a7c6-ae42-49da-b69c-69e55a43a427,probe01
47,ae8787b1-4229-4d56-b0c2-566b61a25b77,310c60b6-d68f-4018-a86a-3668ce296837,probe01
48,94dabed1-741c-4ddd-a6b7-70561e27b750,ec2fbc3e-cb2b-48cb-a521-3a6ca15e244c,probe00
49,b182b754-3c3e-4942-8144-6ee790926b58,c893c0a3-5597-49cf-baa1-60efdfdef542,probe01
50,4364a246-f8d7-4ce7-ba23-a098104b96e4,8dfb86c8-d45c-46c4-90ec-33078014d434,probe01
51,75db708a-9952-4452-a5b1-a851d88f8e28,f2803f8c-a37b-42dd-9f20-84bdc90b21e2,probe00
52,cde63527-7f5a-4cc3-8ac2-215d82e7da26,ecd07b7e-6450-4e31-bef1-f195129eb3d3,probe01
53,695a6073-eae0-49e0-bb0f-e9e57a9275b9,b1455ca8-3999-4eb8-9e1e-5c8d0d2e5719,probe01
54,3d59aa1a-b4ba-47fe-b9cf-741b5fdb0c7b,a63a7248-9393-478b-9478-64f421ef5eb8,probe00
55,36573e0b-ddd6-4504-94ec-9a23c877486c,f72e60c3-3593-466a-afaf-91145c44fb2b,probe00
56,03063955-2523-47bd-ae57-f7489dd40f15,9915765e-ff15-4371-b1aa-c2ef1db8a254,probe00
57,fbd28ea6-3251-48e0-b215-2c51ec5185f7,fd6d686b-eae1-44cb-adbb-159c69c85827,probe00
58,283ecb4c-e529-409c-9f0a-8ea5191dcf50,80c7f589-733c-4f23-abf3-ade8c79f0a3b,probe00
59,f99ac31f-171b-4208-a55d-5644c0ad51c3,6e61f777-90b9-4656-af30-9ed54d426c5a,probe01
60,a405053a-eb13-4aa4-850c-5a337e5dc7fd,afecbc7f-10e3-40af-b091-cca9e8df6108,probe01
61,0cc486c3-8c7b-494d-aa04-b70e2690bcba,d8ccc6bb-f0d9-494a-b682-f12c73e228c6,probe01
62,4e560423-5caf-4cda-8511-d1ab4cd2bf7d,703f2cd2-377a-48ec-979a-135863169671,probe00a
63,3bb54985-77b2-421d-9d1f-46185be51216,81950362-ed95-4662-997f-e119bbd594d1,probe00
64,7eeb8423-49e6-4d40-ab6f-703d17af231a,88e148d2-d554-42c2-9c41-cc6369f98c45,probe00
65,ebce500b-c530-47de-8cb1-963c552703ea,8c732bf2-639d-496c-bf82-464bc9c2d54b,probe00
66,ca4ecb4c-4b60-4723-9b9e-2c54a6290a53,92822789-608f-44a6-ad64-fe549402b2df,probe00
67,9fcbd1a0-77e6-4c41-9428-eeaee74becd5,9866c08f-acce-4291-b94d-d9835e62f835,probe00
68,c23b4118-db40-4333-af1d-933154b533c6,32e30a72-5f18-4aff-81c3-4553531b2d75,probe00
69,c16d3557-b2c1-4545-93d0-112ac0915d93,a21bade7-5be7-4a17-a9b9-ddee453e6260,probe00
70,04749a70-ac63-477d-8392-d4d529184fab,a44a9942-0667-4d49-9047-40d2256c9854,probe00
71,7cc74598-9c1b-436b-84fa-0bf89f31adf6,27109779-1b15-4d74-893f-08216d231307,probe00
72,d33baf74-263c-4b37-a0d0-b79dcb80a764,2ce1d485-ebce-41a2-a5ce-aa109d5a13a3,probe00
73,a71175be-d1fd-47a3-aa93-b830ea3634a1,ac680ec5-6f89-4739-9848-9d76fc0e017f,probe00
74,25f77e81-c1af-46ab-8686-73ac3d67c4a7,f142d2c6-6d85-4e9d-9c56-07620486e068,probe00
75,8ca740c5-e7fe-430a-aa10-e74e9c3cbbe8,ce0dc660-f19e-46a3-94f9-646bebae6805,probe01
76,85dc2ebd-8aaf-46b0-9284-a197aee8b16f,df07180e-268e-489c-826e-40cb6f63d3a5,probe00
77,d2918f52-8280-43c0-924b-029b2317e62c,2564dc27-4eda-4fc3-a151-c13475796ee1,probe00
78,e349a2e7-50a3-47ca-bc45-20d1899854ec,c9664185-d3fd-4e0e-89cf-77c402038938,probe01
79,fc43390d-457e-463a-9fd4-b94a0a8b48f5,3b729602-20d5-4be8-a10e-24bde8fc3092,probe00
80,b10ed1ba-2099-42c4-bee3-d053eb594f09,f1c3cf0a-f3ad-479b-8dd2-7d60ab6d03ff,probe00
81,8207abc6-6b23-4762-92b4-82e05bed5143,e22d047c-5beb-4e5b-9a3d-53b637743856,probe00
82,72028382-a869-4745-bacf-cb8789e16953,bb7a5967-56ae-4193-920d-142710b4f07d,probe00
83,22e04698-b974-4805-b241-3b547dbf37bf,0143d3fe-79c2-4922-8332-62c3e4e0ba85,probe00
84,a7763417-e0d6-4f2a-aa55-e382fd9b5fb8,769b42dc-acf3-4079-b09e-ec979568d297,probe01
85,91e04f86-89df-4dec-a8f8-fa915c9a5f1a,37137b1d-34d4-4183-9796-abfc9ffb6abe,probe00
86,f88d4dd4-ccd7-400e-9035-fa00be3bcfa8,511afaa5-fdc4-4166-b4c0-4629ec5e652e,probe00
87,5ec72172-3901-4771-8777-6e9490ca51fc,298e2a70-9801-45f0-b91c-d6bb9718427e,probe00
88,7235b10c-6621-44ea-abe9-01559633472d,a450558e-195f-44ff-979b-6b6420c9621b,probe00
89,37ac03f1-9831-4a30-90fc-a59e635b98bd,8b31b4bd-003e-4816-a3bf-2df4cc3558f8,probe00
90,004d8fd5-41e7-4f1b-a45b-0d4ad76fe446,d65ab768-bd77-4719-acb9-677abca4e9d8,probe00
91,bb8d9451-fdbd-4f46-b52e-9290e8f84d2e,e6749a77-4b65-4186-a47e-63562386cecd,probe01
92,bb8d9451-fdbd-4f46-b52e-9290e8f84d2e,79e56114-a12b-4571-bee3-a5cdd2145ea1,probe00
93,c46b8def-620d-4d70-9397-be5694255f73,06b677d6-b074-4444-bd4a-3235a310e6e0,probe00
94,23c75e0b-05d8-452e-8efb-a3687ab94079,c64201ea-262e-45fe-8f41-5a074780cd59,probe00
95,e6bdb1f4-b0bf-4451-8f23-4384f2102f91,a91e4882-d3aa-4339-8b14-e94fa419f328,probe00
96,9dd72e52-5393-4c08-9eca-f7dace2e59f6,9861fa24-d998-4ef5-9606-89002b8706fc,probe01
97,d85c454e-8737-4cba-b6ad-b2339429d99b,fb962a77-ed5a-40e0-bfdf-b3220427c55e,probe00a
98,7f5df7eb-cf36-4589-a20a-14b535441142,0c15a331-09ac-445c-837f-6afb5e377e56,probe00
99,8c025071-c4f3-426c-9aed-f149e8f75b7b,93a76e52-fed0-494f-8852-2b978f56a8e7,probe01
100,fd03d365-91df-41e2-ad81-9e0e4b9f5c7b,e033ef96-3590-4e52-bb01-6c6d75bab083,probe00
101,62902992-8432-46fb-af12-6392012e58c7,edc82c06-83fd-44be-a41e-52fdeea728b4,probe00
102,d71e565d-4ddb-42df-849e-f99cfdeced52,c3ef78d5-7c75-48a4-96b7-f8ecc91c2eca,probe01
103,5c0c560e-9e1f-45e9-b66e-e4ee7855be84,d5e5311c-8beb-4f8f-b798-3e9bfa6bcdd8,probe01
104,a2ec6341-c55f-48a0-a23b-0ef2f5b1d71e,5135e93f-2f1f-4301-9532-b5ad62548c49,probe00
105,8c025071-c4f3-426c-9aed-f149e8f75b7b,81f35c52-f7bb-4342-8f91-1837a068c045,probe00
106,934dd7a4-fbdc-459c-8830-04fe9033bc28,0b877123-0902-4432-b789-c4c6cc681df4,probe00
107,3bcb81b4-d9ca-4fc9-a1cd-353a966239ca,d004f105-9886-4b83-a59a-f9173131a383,probe00
108,e6de6c35-1508-4471-b7c3-f12a5c7a6d39,7cb5128d-aaf5-4859-a236-527bff0f3c76,probe00
109,3bcb81b4-d9ca-4fc9-a1cd-353a966239ca,cc701ed3-84b6-4b8e-8390-2e3f54414b19,probe01
110,239dd3c9-35f3-4462-95ee-91b822a22e6b,1f5d62cb-814f-4ab2-b6af-7557ea04d56a,probe00
111,f4eb56a4-8bf8-4bbc-a8f3-6e6535134bad,bef05a5c-68c3-4513-87c7-b3151c88da8e,probe00
112,b52182e7-39f6-4914-9717-136db589706e,4762e8ed-4d94-4fd7-9522-e927f5ffca74,probe01
113,11163613-a6c9-4975-9586-84dc00481547,24149f5c-2984-4b48-922b-3cd1452cd4bd,probe00
114,c958919c-2e75-435d-845d-5b62190b520e,cc72fdb7-92e8-47e6-9cea-94f27c0da2d8,probe00
115,29a6def1-fc5c-4eea-ac48-47e9b053dcb5,81ef1ec7-dbcc-410f-9bff-b21a62a909fd,probe00
116,5c0c560e-9e1f-45e9-b66e-e4ee7855be84,478de1ce-d7e7-4221-9365-2abdc6e88fb6,probe00
117,e6594a5b-552c-421a-b376-1a1baa9dc4fd,9b5fec96-9f19-4ddf-ba1c-3175e15245e9,probe00
118,3f71aa98-08c6-4e79-b4c8-00eae4f03eff,17fa2600-6349-4b6f-a7e4-d8ea5558fa12,probe00
119,35eeb752-8f4f-4040-9714-ba0f5b7ccdfe,069c2674-80b0-44b4-a3d9-28337512967f,probe00
120,49250fba-801c-4867-a0a7-a1e19538cb61,a6b71993-165b-4c43-845c-c062fe7d7a11,probe00
121,56d38157-bb5a-4561-ab5c-3df05a5d6e28,805957c0-27bf-411a-9497-a77166cb6963,probe00
122,ef38e503-dd79-4185-bf87-4712d4f274fe,379105fd-dbb1-40d9-8a51-ae5a8ef8df04,probe00
123,a7eba2cf-427f-4df9-879b-e53e962eae18,a759e857-fd8f-4653-a397-c48547230427,probe00
124,c02e5155-8e8f-427e-873d-d61490bbb9c3,e089d4d9-0a74-4ebc-951d-67098305e06b,probe00
125,f180b2b2-5a6a-4fea-9550-4fb0c4376666,3e423591-51b3-4fef-9d25-b55a1fbe95c4,probe00
126,810b1e07-009e-4ebe-930a-915e4cd8ece4,c5fd185f-1c5a-4aad-9795-43c4ccf8ea94,probe00
127,a1782f4f-86b0-480c-a7f2-3d8f1ab482ab,38e9e5b8-db29-4158-a09d-cc1de4a1365a,probe00
128,4546cd60-fa2a-4d20-a9b6-d091e01d16f2,a464fc97-1391-4bbe-9aef-73a79975d27f,probe00
129,97c1d08d-57b4-4595-8052-91eb84ebfd74,d7187e4f-7bfe-42b3-9e36-761c76eb6e8f,probe00
130,7f150b7c-c261-46e6-9edb-cc391c9d9f03,0ffa052a-fe3f-46c2-999d-43bd56b7826e,probe00
131,7dd27c2f-9544-448d-918d-be0f9837b0e0,d3507787-60c8-4cea-a61e-0c708b4361d8,probe00
132,837b4e6a-ccfd-49b0-a1dd-3aa53fbf2ecb,d3deaed9-34b7-41da-bd62-961750cb9ca0,probe00
133,5ae68c54-2897-4d3a-8120-426150704385,a8a59fc3-a658-4db4-b5e8-09f1e4df03fd,probe00
134,3a3ea015-b5f4-4e8b-b189-9364d1fc7435,bf746764-78e0-4b9c-bdf6-65b6ff45745d,probe00a
135,de905562-31c6-4c31-9ece-3ee87b97eab4,6a7544a8-d3d4-44a1-a9c6-7f4d460feaac,probe00b
136,d71e565d-4ddb-42df-849e-f99cfdeced52,a44bd77c-de9c-49cc-85e5-354aa9f1eb98,probe00
137,caa5dddc-9290-4e27-9f5e-575ba3598614,4836a465-c691-4852-a0b1-dcd2b1ce38a1,probe00
138,7cc74598-9c1b-436b-84fa-0bf89f31adf6,bf827e50-eed3-4984-908e-c48ffbeae7b5,probe01
139,98e0074c-706a-40e5-bbb5-223f97585a99,0566938b-245d-4e5f-89ee-59d53a44f065,probe01
140,6cbeead9-bb7a-40e1-8ccd-47ae60239654,0a85a28b-e9e3-44ec-ad4d-88ba9116ff63,probe00
141,2d9bfc10-59fb-424a-b699-7c42f86c7871,00c425fd-ec3e-4cd2-b8af-c0bc0c4bdd44,probe00
142,14127fdb-2e66-4823-b124-f49c128ba94d,0a45a464-a909-4b7c-a3e0-cd6cfb4262e4,probe00
143,2038e95d-64d4-4ecb-83d0-1308d3c598f8,1a924329-65aa-465d-b201-c2dd898aebd0,probe00
144,f56194bc-8215-4ae8-bc6a-89781ad8e050,18d316bf-d322-4c5c-814e-a58147f7bf5f,probe01
145,1dbba733-24a4-4400-9436-53f1bd8428e8,22609d51-0a6a-425d-a3ef-eeb43a9ba350,probe01
146,a34b4013-414b-42ed-9318-e93fbbc71e7b,22f26d69-0b30-450e-9618-ee801b720e0a,probe00
147,6bf810fd-fbeb-4eea-9ea7-b6791d002b22,234c9e15-79a4-4e8a-8263-8b06cfbcbe7d,probe00
148,62ff920c-2fdd-4feb-9d9f-0d66f2e595a1,31258665-fbe8-4599-9c5f-dbc0eeee9c51,probe00
149,98e0074c-706a-40e5-bbb5-223f97585a99,47403ac7-6635-4477-9477-18ff605ff5d4,probe00
150,87ad026d-5b95-4022-8d59-c260870d830f,4f922a5b-5014-455d-8cd5-7caed78af615,probe00
151,37bbc17f-8dec-4fa8-97fd-e23a5c6bad1f,567b4da5-6ee6-4300-9f40-442930c2b1ca,probe00
152,500a71dd-8768-4211-a1fe-1fafc9fcbf29,5eebb5d6-cf9b-49a0-b297-0701c4d90173,probe00
153,233617ec-c5cf-4eda-afc8-3b1d94f36d73,5bfcf68f-4e0b-46f8-a9e3-8e919d5ddd1c,probe00
154,bd07e3a7-09c3-4b67-996b-42b6d5cedf1c,6104a953-589c-4661-bed9-a81ccef7d0be,probe00
155,c8e11fd8-d130-4f06-abba-9aa20240ce7c,623bb859-eb7c-4739-ba18-28ecad1d9fbb,probe00
156,a2ec6341-c55f-48a0-a23b-0ef2f5b1d71e,6925a312-966c-4e41-b79e-4594da57a2ee,probe01
157,61caa69d-088b-465a-b9d0-d75341dabac6,6981808a-357c-4ffd-9989-33160ba9e256,probe00
158,28338153-4113-485b-835b-91cb96d984f2,697d9e03-edc6-430a-ae76-94628c510161,probe00
