,session_id
0,931a70ae-90ee-448e-bedb-9d41f3eda647
1,58b1e920-cfc8-467e-b28b-7654a55d0977
2,5339812f-8b91-40ba-9d8f-a559563cc46b
3,0c828385-6dd6-4842-a702-c5075f5f5e81
4,41431f53-69fd-4e3b-80ce-ea62e03bf9c7
5,111c1762-7908-47e0-9f40-2f2ee55b6505
6,73918ae1-e4fd-4c18-b132-00cb555b1ad2
7,e1931de1-cf7b-49af-af33-2ade15e8abe7
8,83e77b4b-dfa0-4af9-968b-7ea0c7a0c7e4
9,258b4a8b-28e3-4c18-9f86-1ea2bc0dc806
10,1a507308-c63a-4e02-8f32-3239a07dc578
11,8a3a0197-b40a-449f-be55-c00b23253bbf
12,413a6825-2144-4a50-b3fc-cf38ddd6fd1a
13,09b2c4d1-058d-4c84-9fd4-97530f85baf6
14,034e726f-b35f-41e0-8d6c-a22cc32391fb
15,90d1e82c-c96f-496c-ad4e-ee3f02067f25
16,5d01d14e-aced-4465-8f8e-9a1c674f62ec
17,c7e4e6ad-280f-432f-ac85-9be299890d6e
18,e0928e11-2b86-4387-a203-80c77fab5d52
19,d62a64f4-fdc6-448b-8f2a-53ed08d645a7
20,3537d970-f515-4786-853f-23de525e110f
21,bda2faf5-9563-4940-a80f-ce444259e47b
