,eid,has_photometry
0,a9d7aed6-0c95-47bc-9db3-2db22b383716,True
1,4f169523-a844-4bac-9746-e4fa113dd621,True
2,da91583f-f0db-4d56-9679-f1ffa95855e1,True
3,91c3fb5e-4d55-4de7-858e-f9d9f24a42b8,True
4,44093ff5-40ed-4649-80d0-1a3b5f482884,True
5,dc359095-3490-4252-8c37-69f74945ae8a,True
6,78f273c2-6486-4845-a935-da1ae5c98eff,True
7,b1420283-3782-40fd-bb03-d8a80b63aa63,True
8,4ad45323-1e9c-48ed-af88-4c587517233b,True
9,2e06f551-323f-4d92-bbef-f35c60da87f5,True
10,76fa8023-62cb-450f-84e3-e0d1bd45d4c9,True
11,0300fe04-77cf-4232-a2d0-e6317d5b33bb,True
12,72953772-c654-495e-8216-63095a841427,True
13,93cb2012-21c6-4811-8f34-d8e62a11b365,True
14,fea96cfe-79fd-41f0-844e-39233c3ad521,True
15,343b2786-5026-437f-91cf-94f1130ad869,True
16,7372397e-9747-469e-99b4-88053158d1c7,True
17,07db3ce4-2209-4eb1-849b-980ab9276068,True
18,8fa60561-7878-4c9e-ac50-4b1c43244b21,True
19,77fb872c-19de-419a-ad88-bd0e97176a20,True
20,f38cf46d-4b4d-4eef-9641-77eb899655d0,True
21,d23c4657-2839-4586-9d72-1a04cb08cf31,True
22,d94b2ae4-e581-4dee-bc0a-5d8e2b048bf8,True
23,279ab728-7d4e-450d-ab8c-a55886cd22b2,True
24,e90cd21e-ce10-48f3-af7f-38c2594ed283,True
25,da4a516c-2b23-45a8-a523-6f3f38c40681,True
26,c98f09a0-59a1-4e70-9a15-f261ed476e09,True
27,e320f15e-f884-4c42-9af7-9ec373e9b7c5,True
28,5790b60d-8070-4e9b-8bf8-d2c6fb8c4908,True
29,057b8bd0-a039-40bf-9dd0-3566093df836,True
30,6da3b727-8696-405e-837b-ed7208235fb9,True
31,78b74abe-400a-4739-8432-c2b4d59885fc,True
32,0aa91b92-3872-4d64-bec8-cfb441a03e31,True
33,beba689c-d417-47a7-89d0-c245ec47f464,True
34,0c6d25fc-c3ea-4b7c-899b-6a20363511bf,True
35,3b4d69ef-0ca7-46ba-b6d9-68ecd2e3ed02,True
36,3204c2c4-83f2-495c-87d1-4d680a2fc8e4,True
37,0327b074-d8e1-43a4-b2d2-db6a82d63649,True
38,ec8e13c5-127a-4b0a-8f6a-65d5b2e7070b,True
39,2db21ee1-8138-4bea-8840-c81f1f0c291a,True
40,c6c60e59-493d-4fed-8ff8-8002934176c7,False
41,893c5df3-8e02-402d-9497-023cdb827e86,True
42,b13c005f-48d4-4444-80c8-6ea59be80c0f,True
43,1d3b4c41-5e6a-4683-9577-7f74e15543b2,True
44,15793697-600a-402a-8d1c-90fc78340c6f,True
45,7308245d-ee7d-4e6d-86a6-ecfa1abc0e0e,True
46,02fe38b9-c0f9-4fdc-96bb-3a64d685b44b,True
47,1fdec890-18d9-410b-aa86-3b38532188fa,True
48,091e1e4c-9abd-4faa-a840-5747b05725c2,True
49,b1b1d24a-d82f-4b26-94e8-6a108e4fb25f,True
50,115af5ef-c7ec-41f2-ba87-41cb99a329b6,True
51,d00fc17c-7784-472d-b515-7119dae59096,True
52,44e89cef-4640-44d8-96a1-bce7cff8bf63,True
53,b2575db2-044d-4be5-8342-b20c718ee021,True
54,28d8055d-1931-4362-a8e5-49a6262453d8,True
55,9ba1d2cd-2b49-450a-8a59-0c37654c8f93,True
56,a38eb2e3-8124-4845-bece-840ba86a1aed,True
57,eb85df6a-5f39-4b3d-ad9a-67bdfda04ab3,True
58,8ee26977-bd05-448e-88f4-9160b9d2ba8b,True
59,a6414eeb-aed8-4825-8888-1dd81c4cb275,True
60,1256d700-7cb7-442f-bf07-70c8530be1df,True
61,d73bc77a-85b4-4c0f-a676-8e65e1a09165,True
62,f45f39a9-e10f-4471-99d1-792d21cc91ba,True
63,f7d75955-ed10-494d-96e1-e8f469299f43,True
64,6f4411f3-f7b2-491b-b1a2-118dfc6cf283,True
65,a00befba-9845-4ecb-bef7-b6d7043387a9,True
66,0ce14d48-e394-4b34-9ccf-3103c5db6c53,True
67,7fe148e9-15e9-44b3-9dcd-86f16253c1b8,False
68,6f51ef10-957b-4c3b-91f2-c4ceb263452e,True
69,2146c4a2-d866-4ba8-9d1b-96b1068a811d,True
70,324503db-b4f5-43c4-adb1-57d165a56cf5,True
71,99307a17-8505-496e-8db5-1f28315471c1,True
72,0966f7c6-9286-450e-a000-ad6d883bbf17,True
73,2db4170b-7b96-4417-bc7e-a924243afc33,True
74,84c2ba54-c7e7-42d0-9ff0-7eca8244f5ad,True
75,d8efe52c-7066-4c97-a06d-fc4c93f917fe,True
76,2dac7e22-9952-4137-9b69-d4fe6d15d3cc,True
77,c431f822-b7d5-485b-a5af-94334859a591,True
78,f0362331-fa01-474e-81e1-877797b8a983,True
79,792a6e48-24a6-45e4-a337-ae44740a8541,True
80,cbddc1c3-ae93-4793-a73e-dd93413fc189,True
81,5ef8cae6-f7d8-40ed-b9de-1f70b194bcb7,True
82,37ccdf9c-438e-485e-a4d3-3e67cbceff3e,True
83,591c8043-f66d-46b4-8ebe-ac9a5e66fb06,True
84,a0e80b87-ef71-42e9-bbe7-4d0371c22039,True
85,f4aa778e-6a0d-4542-a0ab-4d2e2813d92b,True
86,1242037a-750c-425a-b3f6-f5a62c246133,True
87,72b5dad8-22ff-4e31-9eac-afbed641ef85,True
88,567879f7-816d-44ba-ad2f-b26b9e0311b5,True
89,d2988562-b4b0-4de8-abd6-1252ad377ec8,True
90,7d1f1c66-c31f-4218-b36d-c03787f231d8,True
91,3fffbee7-b429-4f17-964d-a250bf96933d,True
92,f2c7e8a1-1b8b-43ed-8dbe-bef52722fbf0,True
93,a933c588-4d7a-45e8-976b-4d75c0f28478,True
94,24ea94ff-7cd0-437f-81ea-6e78a0d8fbca,True
95,e7deef1c-8faa-45a5-b548-3eaabbadec4f,True
96,1544402b-6458-485f-8570-c7756c95b408,True
97,86f8d18f-bb1e-4fab-b50c-cb5b96afb3d8,True
98,b0002f10-fe09-4360-80a9-49d09c194cb1,True
99,99aeb01b-e2f6-4aab-b609-1b7d475768ce,True
100,b303b63c-3556-4a22-8fe8-5d064e2e1ddc,True
101,9f84459b-6204-4c8c-a025-cd5091de768c,True
102,74fdb9e9-e221-4a64-a01d-0a56fa32cbbf,True
103,c38cee7b-b73d-4ac8-93d3-1770735fea17,True
104,2dc38d3a-a57d-4796-b293-bc1e631e6c1e,True
105,ecbeaea2-6aa3-428d-856e-7f004dc95c73,True
106,4aa5ade5-b2d9-4921-a0b9-0fa0ee1deb02,True
107,7d4a7338-2034-4347-b2aa-55a8f6b0ae05,True
108,3c69cb31-7ab4-4d03-a96b-815603759213,True
109,1763cf46-4234-4f4a-b05d-529f7cac5ba3,True
110,503696cc-b0e2-463a-b132-9c0d2eb0b12d,True
111,c91f569d-4eed-4486-9306-df4c5e20aa0c,True
112,c9a0f251-bee5-47ba-96a5-5e07112c6530,True
113,f0c4477f-8623-43c7-a3bf-f0487ba66442,True
114,27f110b0-5326-4b89-832b-64459de65967,True
115,4e34339a-c34f-48f6-af6d-c658395573a5,True
116,c5cfda0c-03df-4f73-a3c3-b5c1608e753e,True
117,d291a097-d904-458f-b24f-93b34abe0595,True
118,abcd826e-1899-4544-8f67-247c520887c3,True
119,29aea2cf-6bad-4a1b-a7af-5ae6b344dc82,True
120,8b4c3f6e-09f4-48cb-bdd7-7212714ac385,True
121,8cf9c040-d76f-4632-848f-e4bca5a00460,True
122,9a3ad802-a6f8-4d98-8703-50f42edc4245,True
123,ce99b8c7-b5e1-43c8-8afd-49522c076de6,True
124,f969302e-826d-478d-8fe2-6cd2b5891cb0,True
125,c4fd7540-062e-437d-8199-fe204b57ca71,True
126,a94f32cc-3e17-4774-b4f8-eab90383fec9,True
127,57a0f7c5-ab84-4b93-8c64-51229157b29b,True
128,47c37c52-d870-4ff6-b519-757f3e071525,True
129,2e01394d-766f-403b-a136-feb0c10f82b5,True
130,7be63997-b185-4cfd-897a-e298a1116f62,True
131,daad7182-3f1a-495b-a0d3-7176efa4dc0b,True
132,48995a3a-bc64-4e38-bee0-d0151c0870b6,True
133,10e9dbd8-8506-4dd0-817f-bec8ee98dd0e,True
134,0f53f525-84f9-4f08-80f8-dc66a8ad8147,True
135,a79cfbe2-78ab-44ee-a781-558e2b7c388c,True
136,1abae9bf-bbaf-45ec-877b-85364f2d20e6,True
137,825f7437-8334-484a-b3f1-ea0ca9479946,True
138,6907d51c-8beb-44a0-8177-baeec399be77,True
139,96a9cb2e-a72f-4a61-9c56-6672e9343f3c,True
140,3553c404-323a-48f3-8a32-8966a6405a2c,True
141,fa418850-f41d-4fbd-a54a-c3d359766b29,True
142,b803e652-d1f6-4f82-84d8-d96e91392b4e,True
143,b61d5448-3cb1-4016-b381-b17efddaf718,True
144,7fe0c48d-b660-4a9a-a516-bf677f534525,True
145,c18fd470-2935-4cdc-9c63-56857aa18715,True
146,e92883a9-c215-4dcc-af7f-6940e4735d6a,True
147,dbee1a39-5a33-4a40-ba97-b26027e24ce5,True
148,2054e4cd-5843-4423-95ed-74e7667a57f7,True
149,9a55d6c9-bc1d-4477-beb7-c4191a1706d0,True
150,b94c9ad1-19e9-4d70-b1d7-4dbdf77c44a1,True
151,6585eef4-54ab-4fe1-b16a-34eaa4d41725,True
152,0137f64d-9238-4d1a-b0df-fc3c5c001626,True
153,1efcd958-1985-448f-9a6b-91c3d43c2a42,True
154,429fb6e4-31bb-4e8d-9b39-6688a417d467,True
155,c8c2acc3-e6dc-4327-8ff0-94696ebbeab3,True
156,d4fcbfc4-e7a8-4c53-9ea1-56a7ce9fa2dd,True
157,79f2b661-b8ea-4674-a3c6-7d66dde3ba6a,True
158,5c55c830-aaa0-41f5-ab47-f447fda63fee,True
159,06f6e192-8986-464e-b257-29b9bca81d2b,True
160,7cd9092c-f7e8-4fe1-a186-3bace88575dc,True
161,f6227ff1-410c-4fbd-96a0-13f6f76bd4b6,True
162,e4d35ee0-6a70-4b0c-9534-3bf34de0f177,True
163,92e63336-63c1-4f51-a7e2-9734c1e7ee19,True
164,e85e83c7-e4d3-4d07-919f-d1164e744775,True
165,e5e98ee4-08e1-402d-868e-353821836f0a,True
166,7587fa0a-9927-4b53-adac-7f88eb4c0d45,True
167,dd7fa98d-594c-40f8-a200-046ca9fde5f1,True
168,88e5bf4c-24af-4a66-ab0b-5acc1b771bf0,True
169,b1346d4b-61bd-4edb-a694-046f4c53e078,True
170,5b9b73bb-5a14-4597-861a-65d3c238c0f1,True
171,6d0dc99b-b416-49e4-b4b8-cce0fc6ac074,True
172,5e08424e-9c1b-4d56-872b-1071f4412e61,True
173,7fc66a98-4b40-433d-b615-36999c419907,True
174,81871142-8852-4a21-a5da-3040f98eca70,True
175,2e1ac2e3-17e5-4493-8a8f-d32992b8339f,True
176,45fd0a3c-0a98-467f-ad60-9a6c453ad61e,True
177,fa392bd5-9734-4476-bcd5-42679a86396a,True
178,127eb687-b556-47ca-8554-b1b35994824f,True
179,4a6a9b6a-9538-4dff-8613-e7449435c93e,True
180,11a2ec80-850c-4a9d-bebc-34859f922652,True
181,56893254-9298-4e87-a1d7-3dd33fdf2bbb,True
182,e3701be3-84ce-47f0-a554-5f41e1d03cf1,True
183,2af848bc-863a-4528-a97a-54873866ba97,True
184,712804b0-c422-4121-a4de-c5288c84af92,True
185,43d3df4c-2ecd-4ed0-ad19-eaab41656504,True
186,0b7e0ec3-c73a-4393-b4ee-08fe075c3bff,True
187,d13ef6e3-2107-41ed-80c4-1bef80123118,True
188,ffc6506e-4d17-4748-a6c9-889c984a4d10,True
189,4a7d2bdd-0895-47c9-91da-d65cf311183b,True
190,e70a9079-5999-43ac-a8a6-6ca3f6266e9c,True
191,af11ea8b-767e-44ad-8500-ff7a5a164c63,True
192,ce48fb7d-4107-4be9-97dd-1ebf543805d2,True
193,b553d630-dafb-4c1f-9477-9556b3b20f75,True
194,29f65ec8-4395-4edb-af0c-b676cb22eff8,True
195,2d1f7152-463f-4d50-8b35-635483059268,True
196,b66db20f-4fad-4362-be55-cf50f4b343f6,False
197,2fef9971-cdc6-421d-a34d-e5ed1d601134,True
198,e1d95d70-4d91-44f7-b5d6-95bb28452468,True
199,447a1fcb-c057-4f08-8f83-37ac7871acd0,True
200,5ba72ab1-f8e0-43cc-93b2-0bf327b7ab8d,True
201,ac3d2ea7-cf09-4349-9af4-2afc608533e5,True
202,6c1757aa-1248-435d-a921-484d33262a7f,True
203,263f39e8-9a7c-418b-9ab8-488486a241b6,True
204,75647cee-5577-4aca-96a3-362b50a16cf8,True
205,5ac60f45-cbf9-4946-ab64-25264d30b122,True
206,c4ed46cd-0618-4a41-91e2-f716e834b5f6,True
207,447ed11c-e8b9-49b9-b8e7-b56112612d3f,True
208,ac7553db-9723-4c78-91c8-24612cd8a491,True
209,3fae9b39-d41a-4d50-a0c3-c4d4e2fc4fa9,True
210,3701bc87-a346-42ed-a295-c944148d3d40,True
211,f346a32f-3dea-489f-87b4-c4a197aee89d,True
212,fddb6b95-034b-4ab4-b883-4e4f6af38115,True
213,0f93589a-a806-41aa-9947-c55843cf258c,True
214,e19de0bd-ecba-491b-9fb1-dc4033217d70,True
215,ec177572-7e02-4fe6-8cba-e44e24141e44,True
216,9fa3c9a2-7987-4376-b9aa-5a3a492bbbf6,True
217,16c6eeb3-5a84-4418-a3e7-d91dc9592a6a,True
218,56380394-ea9d-49ad-8160-16bd6521d5bd,True
219,4774f467-2989-4e70-bba1-8568f7a954ce,True
220,ae461059-d5c7-4b69-bb8f-9dac7cb70469,True
221,a478cb4f-a119-4fea-b5db-2bf91b61708b,True
222,b7fb5a34-3bc6-42cc-a0e6-ddfde9115a5c,True
223,5dcf7f70-8dff-4e88-9c6f-8f602223c107,True
224,ef24aeef-b9a5-4fd6-a61a-2ad1ca3d340d,True
225,6a60a53b-1dc8-4236-9d1a-b3663ae9c427,True
226,1f1e7643-3901-40f0-977b-6f26afbca3c6,True
227,554c8618-786a-4cd0-a474-1e9872ac6e03,True
228,60358efe-980e-4162-8b91-c8933fc57179,True
229,8a30e617-59a8-46c3-b676-f6dc0df50635,True
230,0dc88f52-5eb9-41de-970b-18b68c61e16c,True
231,9a937315-fd37-4384-aa47-05ed776e912f,True
232,e6444ff3-8da3-4745-9447-190ae9dfcea1,True
233,31fabee0-26ca-4c76-acdb-77af3900aaad,True
234,922a8942-ce78-46d6-8325-651419859d7d,True
235,359e335c-c685-40de-b3ff-8b8e0b4dae16,True
236,80e1fffa-0293-45a3-b846-83a2ae4b2ee1,True
237,c71eea54-2402-47cb-aa0f-708acf0449d9,True
238,886af9f1-ead7-42a8-955b-b1d20b50bac6,True
239,a204eaa9-7840-4d72-857f-3089d3bf0402,True
240,685efe78-ad57-45a1-a05b-4aef74da0437,True
241,5a03c1f2-378d-4ee5-ad75-10a60a258455,True
242,47b00cd4-79bd-4ac8-a42f-2a8bd99fd10a,True
243,3a0ce07a-1b6b-4edb-ae1b-7d00beb98781,True
244,b65adfd2-d76e-4cb6-a173-1cb301917b87,True
245,087441bb-d69e-481c-a17d-d1aa6cf9e951,True
246,c910ae14-8f23-4974-b981-fda5e1da17d5,True
247,0b3342bd-cfac-48df-b353-c86752f994a2,True
248,287694fc-7ba0-417c-ae6e-86c298fdc257,True
249,631b1fa3-8b2a-4ca3-b19b-c7ba0a96bf1a,True
250,e0c2a3d9-250e-4706-944c-0932e83390d8,True
251,5bdbe101-615a-4d7c-85d1-61c825df7e80,True
252,a9e41f14-0890-49a3-8dff-b0f88771bc0f,True
253,5e30b7e0-121f-40c5-8531-47b2a2c03289,True
254,be8e188a-041b-4540-a2dc-62b951f38648,True
255,ceacd4de-448f-4c53-b87f-d1340f0671f9,True
256,20233624-8a28-4f4b-8964-d41125c91ef0,True
257,bb3b2494-056f-4c7a-b0ac-7af6b3db3998,True
258,cdff5da7-6620-4732-ab0c-8c25bc529db4,True
259,3377dbc9-4a13-49d2-ae2c-5db421c8ffae,True
260,5fd79017-cd20-47f6-bbf7-090de8990c85,True
261,30dae268-5ef3-4ffc-94ab-a0fafdc3a2b0,True
262,9bc2dae4-4bb9-48bd-ba88-38eb07910c51,True
263,09ade9f3-e9e6-41dc-8e93-1c85a3492650,True
264,835d18a9-6560-4ab7-89fa-0d1612b7e1e3,True
265,1fba6775-edf4-4358-a9cf-0c82626149f1,True
266,5cb65a9d-8258-4e38-982e-88a8020f3c76,True
267,a8c086c1-bfb7-4458-ab6e-d21dd963fb7c,True
268,3b5edc88-aadc-45fe-9588-9b24745d8f07,True
269,d62e7925-2a13-43af-8065-71a62daa5055,True
270,86340231-f7f6-4c26-9bab-12ebf9f74e07,True
271,f5f668a7-5443-40d0-bc6a-97c53084dfb8,True
272,6a9951bb-c05f-4318-a685-e637b9c180fc,True
273,06200cc3-af35-4ba5-84a3-ceeb96b2eb31,True
274,72928bb6-d21b-4542-9148-f2cd13c93bb4,True
275,d1cbdf9e-f3ae-4d64-8d3d-63c78d709f35,True
276,32cfa243-44e8-4372-9688-58f0479f6900,True
277,3c946c36-2eee-478e-8b16-f2b6272d4cf4,True
278,13a678cd-09db-47c0-8eb5-785cd19aa806,True
279,63c10527-7b82-40f3-bcf6-33a6f7cf7281,True
280,af08fc25-efc9-45e6-bd04-b541a97b0079,True
281,4f0f29d2-d903-4fce-85f2-4b3534b98071,True
282,25c059c6-4ca3-4bf1-921f-b654a5f85af1,True
283,0fa21655-bbb7-402a-93d7-603c9b190769,True
284,c5720956-6182-4574-95fa-b38bd87ce66f,True
285,9c10827e-cc9e-481d-af0b-80c7a679d9d5,True
286,99a774da-115e-40ba-8506-3c68d0361489,True
287,341851dc-160d-4ad1-a9b4-9122acb64b8d,True
288,b8b799cb-2610-4d3b-9c28-381c7617f39d,True
289,8f88f1b7-1184-4bf9-9342-25d322b3480c,True
290,18a0cc8a-36b4-450f-b665-4ea557ef5d3a,True
291,e286b2f3-9f69-4e72-b484-ae52e23fad7d,True
292,d26ce132-8355-41d7-8ede-21a16d0a1ce5,True
293,ee215ed8-b64e-40fc-8071-da6aafddb664,True
294,abee1514-b9ff-4648-9295-33211c41f407,True
295,628c8895-2f1b-4d1b-8727-b46dfe0d6c80,True
296,82054ad1-1d40-4be9-ba9f-40e69f9697ac,True
297,624c8a4e-1ba5-4988-8761-60ae93e8ccea,True
298,0be7bf12-f36c-4343-8e94-0ffa82c74801,True
299,52dc78e7-7970-459e-bfbc-a40c875e2aac,True
300,fef39af7-f414-4611-960b-b69acb3fb0b1,True
301,ee2821a8-1f5e-4733-9bad-1b773b989020,True
302,6e3b1082-e8cd-40c9-8faa-c0615e4a35cf,True
303,146b2be5-7440-4713-9eb3-b6dad7dfb822,True
304,b3d899be-2eb3-41e8-9e45-12287abd18c9,True
305,d1563d73-7196-4fd6-a425-96a9a6f3ab9f,True
306,0e9cadf9-8381-4335-99d8-88229b94c5bf,True
307,0cf7bf7c-2f3c-4bdc-b48d-955dcecab644,True
308,44ed5cb5-3063-4e90-8367-e612b46dc292,True
309,a8557c37-240e-4b4c-9a30-5356e346951b,True
310,32dbeea0-64c1-43b8-910e-8d4608fa1cd6,True
311,7ce7f660-5bac-43cf-8b8f-0a1b2d4e5bbe,True
312,8524792c-5f8a-4c3b-89dc-f6388cc1a3e7,True
313,4d7d5941-143a-40d3-b7c0-e37f8c1cb1a7,True
314,3460d7c5-38d6-42bc-8011-97bb06e73161,True
315,c0ad3dbf-e3d0-4d95-8e84-23e0621984a1,True
316,2e4c9517-722a-4451-8f44-af73ccde2dac,True
317,26fd2587-9517-433c-bee7-b6d581e4e8b7,True
318,394514af-4c58-42de-bd5b-8e1a05172b52,True
319,dc4b7809-3832-4deb-b2ff-862b1c7e2299,True
320,65b726ea-2fcf-44d3-ae18-ad407bb333ce,True
321,729dc7d2-dc01-4291-b913-8cc8130182eb,True
322,75aec35f-1765-4edf-adaf-067294dd3a7d,True
323,badb77ff-bc51-43ea-848d-2684ac2e9fe6,True
324,df0fb5b1-f0e7-4b99-8178-ef5490e9ef30,True
325,6eb0bfad-9ae7-4b9d-bbf6-d45b7f6bfc8a,True
326,cc15364c-c646-4e43-bfd9-0c4a47368ed3,True
327,4cd12789-3f26-4619-90fd-77120edf8b9c,True
328,4ed2e70f-fa03-4b3e-bea7-52124e778dae,True
329,ac96ec97-79e7-4fa7-966d-588155089580,True
330,b4f19879-9d83-4e6e-b9e6-a8a61b93d222,True
331,fba1d3cb-517f-4e60-b7f2-3b22d611f409,True
332,f5583a9a-5daf-485b-b4cb-1be1a1eab7fb,True
333,15a5552b-3f2a-4481-a3ab-4610b94e8a2f,True
334,6035899a-97b0-4c4e-8fe2-b0cad1f52a8a,True
335,ece524d0-25a7-4077-b38f-d4fbaa21c88e,True
336,e5e9efb2-b557-41df-918b-7acdabed11cc,True
337,66a16c26-465c-48f9-9c80-cc89229fff79,True
338,75021662-5e27-4ddc-ac12-316254ff5671,True
339,b6e6140a-35d9-4cb4-8fa2-c3fe5a6de8b1,True
340,31d39053-f24d-49e8-9fb1-52368641b074,True
341,7fa9edd2-f0c1-4240-9f3a-672938b8e9a0,True
342,1c93886a-6883-4b2f-95ee-824e7ddfba43,True
343,03c103ed-9ad1-439e-9fdb-f81186adedce,True
344,1c1ea1cb-489b-4640-a998-14c1ad20f508,True
345,cf718114-1275-4331-bf03-1cbece7b58ef,True
346,3fcb5845-173a-46a1-b6cf-b564f57befd4,True
347,b7c746c0-1c96-492f-b858-252df551da9a,True
348,056f9053-1cc6-40e9-a950-8b248e17fa2e,True
349,e2004bdf-4e1f-4fe7-8c72-88301afcc743,True
350,d65de215-7b2b-4d14-840b-ba0aefce2706,True
351,297e756f-dfa8-4cc3-a3dc-5a60d782bedd,True
352,4027cc92-19e5-4312-98a6-c43db0c23c91,True
353,53d184fc-43df-4b4f-8b87-2c08f5075eee,True
354,fc3deeb9-86f6-46ab-90e1-b20ee34fba33,True
355,e71eac05-0b2c-4f38-a75e-436ac09c222f,True
356,019dda5f-1bc7-4f55-b72d-6ca2128cf979,True
357,4dd449c6-e964-43fa-8bc5-706121716a33,True
358,b72d04c2-4ea9-4169-96de-814af421c6e1,True
359,f9a90493-8d4f-4d18-bd76-8222904ae56c,True
360,a491bcb5-5397-4124-9709-a0ce4e6a46c7,True
361,cd9f3fe6-57ba-46ea-8d11-29e1e73b759c,True
362,9c5b09fb-7a1b-4e12-97f7-4fca0778bc8e,True
363,ec892296-a5b9-4b42-aea1-c91546e9c382,True
364,c869ffd0-af79-49ba-86fe-7a07c850d552,True
365,3ee63d10-c9da-4594-b05a-566d54ace3f4,True
366,2fdd589c-3e15-4c16-86f8-bb67d12c4565,True
367,b8f104d6-1f17-4f64-a246-bb4bb50b2f99,True
368,f3ade21d-8af0-424d-8daf-bcf9f99523bf,True
369,699342d8-f240-48ae-b975-e5274aea9aca,True
370,672a738b-f1ed-4fb1-a184-220c08b06c24,True
371,fc567b9a-70b9-41f5-8cc0-d6bbd4f4d1c3,True
372,97fbebe0-a1e3-4244-aca1-6008f0b1bf89,True
373,bbf86d40-4d79-4973-b92e-a0ff422a766c,True
374,6964a6b0-330e-460b-bb89-e6ee67c3b65c,True
375,ccef5e8e-b4ad-4a2c-98b2-94caa068ff01,True
376,563b49a9-e2e1-46a7-888f-e363a935ac92,True
377,174a0663-2e6d-484b-864c-167d18d3f2fb,True
378,f020005e-a138-4f84-8d8d-da12a464e5a9,True
379,4fbee7a2-85c7-47bd-b5c6-d226bba3ae08,True
380,278accb3-85a9-42c8-82fe-4c65323a2e3c,True
381,dbc24c6c-685b-42d2-9707-ea484831bcb3,True
382,ccf9520b-f300-4af0-996f-b92a2ef8d5d5,True
383,993b8b06-9504-4d13-9d7b-6575ec4eb4ec,True
384,35f9250b-9797-4a42-be63-486bd0a3a833,True
385,826a20d8-efed-4537-99ee-1753c735e98d,True
386,05255b38-31d2-473d-9eda-7bc9ebd5c094,True
387,a7ed3268-8fe9-4294-a6e0-682506585b77,True
388,5d0a6c14-3a68-4f9f-aa66-7da3ac6685d5,True
389,f53d9606-49c5-482f-9a8d-30068575564b,True
390,a17c6d4c-b47d-4310-9a7d-850acccd1524,True
391,20663067-3868-45a0-8861-c4b9957ffa42,True
392,2956b1fa-c422-47a9-bcad-f69e93b60f1d,True
393,ffcfa75a-72f0-48e0-9ccf-66b84dc74188,True
394,cdb0a49f-b1cf-46de-94b9-308a8fd3fae5,True
395,58b00e32-8033-4325-a0e5-267a053de440,True
396,8b45d92d-c66f-4864-9ad5-cedd274d8eb3,True
397,60f064f1-d5b5-47af-8578-fafb84c94046,True
398,705fd869-5b10-42ac-bb5a-6247f6c36456,True
399,300447d9-2957-43a2-9b21-469a463cbe9a,True
400,44ddcae3-bb01-4bc2-bb81-c7ea78dd010f,True
401,7a867587-aba3-48da-ace9-3f4ac7082b6f,True
402,31a0394c-c6a7-4ecb-a5f2-f717bfdf24eb,True
403,33c23a64-8140-409e-99b3-f6083adde0ca,True
404,19533274-8330-4021-b617-cb75677e5675,True
405,97939dec-f894-47a1-8a70-7175938e7897,True
406,4a7c4b57-8279-4e39-83c5-7369dda98c37,True
407,efacce93-0cb2-4ab2-a292-895728d61a7a,True
408,487f5700-abad-4de3-af62-fd42b555633c,True
409,3169be89-4c5a-4660-aad6-e6e0ba82fa97,True
410,c5cbbce2-8a3f-4942-8d81-6b950fc19638,True
411,33337f04-5dbc-4537-8446-9bd9bae04023,True
412,0588d58f-7c08-4131-9403-1b6e886196b4,True
413,917d3d38-aa71-4edb-b3d6-351c4c46643b,True
414,baf9eb7b-e616-47d7-a747-4b161382e770,True
415,4ff773e9-32d0-4984-b5e2-faec4280d527,True
416,76a632ae-85f6-432d-b1f4-3fa65fcba266,True
417,f5d0c4b5-1f3b-408b-aa0a-7b945826f459,False
418,b6913f93-e7b1-4faf-ab4d-54261b0e31ea,True
419,0eafc0ce-7c14-4335-b19c-408df9eb9b1c,False
420,7f0370f2-6b47-4d68-840b-50b16c7ad1a1,True
421,a6fad759-59f1-4c69-b804-c37ab4619b7d,True
422,8211cb1b-9da9-4bc7-a969-fda0372db5c3,True
423,2e765f87-0ebd-4c58-a069-b971e2e87de6,True
424,1b0da8e1-6dc8-4bb5-8b98-90a5f639563c,True
425,95f42879-6eb9-4753-b23a-6caff336f0f5,True
426,99ed1574-682b-431d-a5a0-545c596790a3,True
427,c9b2ddb6-9c9c-4b83-8cf1-3bfa05104472,True
428,235528eb-2b2d-47d3-9cd3-6107f36fe521,True
429,56d057a7-d6bc-4b3b-b4a4-ff43870eb70b,True
430,371a2580-a499-4700-9523-73b04905b546,True
431,bc57c9b0-1c86-44c8-8f34-81aa4db29550,True
432,d390bd0b-0d4d-4751-b315-0440b285a5e0,True
433,fdfabd07-bb2c-4d8f-b0c1-cd9b81d53271,True
434,099e0050-b9e1-41d7-9f0f-882c7209d3c8,True
435,9088ede4-b94f-42d7-a486-9503fafe1e49,True
436,3fe85c21-ec7f-4eb4-8e20-47c1d2415238,True
437,2c011946-fde8-4476-b911-d29fea0ba2fd,True
438,5e50a2a8-7466-4a35-a1ce-69856e372f44,True
439,070918c2-eff5-417a-bfff-e4ff6fcf9de2,True
440,8b29ec8c-aaeb-42be-bb46-9489a3e86da3,True
441,49e40a17-8051-4510-b5f0-f4feb062e2a7,True
442,12acea6e-3a1d-4144-b9c6-af47b142cd73,True
443,dd655e94-6b7f-41dc-a7cb-a06920c293d4,True
444,6f5a8543-486d-432a-9446-a9da44b6c082,True
445,da5faa27-cf07-4e1e-83d1-e71031757789,True
446,868e91a6-8cdb-431f-8ae5-61383a820a15,True
447,e8455785-cacd-4947-b2b5-89e1e6e88930,True
448,529a07aa-d8ad-48ec-9cb2-484c681c0104,True
449,2f2f6f7a-5501-417d-bf8b-b173703092fa,True
450,33354ccc-b1a6-490f-8cb9-16ba4afb4b77,True
451,53128ad1-5581-4960-9c30-86e78a94c880,True
452,7d7ec553-10e1-41fa-9be0-63537f15c093,True
453,6f1a6c54-3947-4b47-8b5b-72d991cc9d6b,True
454,813f9028-52f3-4e30-a481-d42b908bafbb,True
455,055082fe-0d25-4c03-8221-69f369c30d83,True
456,c0e76008-7c6e-4dba-a516-94a5c294088e,True
457,cb0fd340-20f3-4c71-8af5-193d9b69ad18,True
458,7f92a49f-dc96-4b6c-a6c7-de2f7f28925a,True
459,5e4dd7c2-96cc-46e9-9fa6-d012accd3222,True
460,f9661c29-a2d6-4d44-bceb-7713ef24890f,True
461,1120da3b-e8e3-4d22-b1fe-9c49c0d38c42,True
462,c1d0b08c-896d-4720-903c-365b3107d0cf,True
463,cb71e41e-30b7-42d9-8b94-6f424c32362f,True
464,28beb87b-320f-4847-b844-c203320ecf4e,True
465,13060ae6-247d-486b-bb87-2d553dbbf5c1,True
466,0c5e5df3-0dc7-4c8b-8f7e-596753485fb6,True
467,e1e9b2f4-30b5-458a-94ef-82b978fccf6d,True
468,825a2201-eadf-4765-84a1-a770c70182b9,True
469,d5f038cc-7971-4ed7-a341-5c54889d4a4b,True
470,6d242f30-4bef-41e6-935f-9d69287ae99f,True
471,64143389-16b4-4160-bdd6-065392df6fed,True
472,23babe12-74cc-4d16-af98-9263063de3d2,True
473,fbc351ea-3c7f-4e6e-ac3c-40feddcb06c9,True
474,ac1d8b2c-1b99-41a0-88c8-d462ce9cb991,True
475,7101b619-a43e-4ccd-93c0-780e00c3c9a4,True
476,271872eb-7888-4ad5-ae86-b57455b03e82,True
477,dfdc5135-3f53-4256-94a4-1d34fed37cc4,True
478,be852859-f560-4d6d-899d-f81053ae3425,True
479,afc8c074-66f6-4c07-86dd-13d2d0de37da,True
480,cfc395ca-8c4e-4e6a-89f1-b7011a6aaaf7,True
481,50f9cb82-15ea-4fd5-bd66-d05447ff7750,True
482,1ac6b521-e1dd-4a63-992c-7138b12c1116,True
483,c12751cf-626d-4cb7-b7cc-5e8fc1bf52db,True
484,ef86f55c-e807-42b5-933c-5320c2fb3eb4,True
485,827094d4-1221-45c3-bd60-71be2e70fed0,True
486,24fb847f-e8a6-487a-bf84-b026e39c81bb,True
487,36183a8d-ced2-47df-8e04-e9cea0d30205,True
488,760e23c2-ec36-473e-86ef-2e50e479a279,True
489,1a0dba82-d6b8-4d66-b9d6-2a94a30feeb1,True
490,89559187-b320-4c48-989c-f087256101fb,True
491,096c4e56-9def-40d4-83fd-d8d829baa139,True
492,604662d0-d4dc-4aa6-83e1-a8f5382ded7b,True
493,c688bea8-326f-4b4b-9fbf-f956eeb13a99,True
494,e7a05655-61f3-4a6a-8100-6932ddc0cfe6,True
495,915955b5-c77b-40d0-8b93-e946203b3bcc,True
496,16db1c03-cc30-487b-ba26-7385f6cfbab4,True
497,7d489bc1-5077-4b39-91c1-e5641f76ef16,True
498,87684ef5-e645-4ad6-95fe-b41d9a3a5757,True
499,bf9c50de-f998-47df-b45b-3af0dbd2640e,True
500,1c21e94f-31e2-4887-9f95-9185c9463c98,True
501,974fd70b-5551-4e5a-97fe-705919ecb33e,True
502,c2a40839-8e34-478b-8114-1b818eada8b3,True
503,d17f10cd-d387-43bf-aae0-fdc021df04f0,True
504,581e7791-d917-4894-a6fc-3985def566de,True
505,cb367875-3afa-4a26-b4fe-4c39bd0f5fd4,True
506,72ca97e3-888f-4cef-b9e4-fe4a202d9d6a,True
507,78295227-df61-4b24-8d60-c7c1ce098595,True
508,91701939-b1e1-415b-a58b-24085d84ac21,True
509,24f87c78-ce2a-43be-bc4e-105ecbef002b,True
510,0292f4f5-fb98-49ae-8ade-147beebc56c8,True
511,690cd977-25d0-461d-ba33-a6025913f9e9,True
512,a1860dd8-6df3-43ce-96a1-ae52a677836b,True
513,65f3b6c5-2faa-40c7-b7f2-36bf35e35b6a,True
514,7f67d7d7-c913-4004-a13e-50208c8c758d,True
515,4ddbf416-84a6-4592-8a0b-481ec2a40778,True
516,00d496aa-900c-48ff-8557-9d33592d0841,True
517,480443df-1817-4238-9fa8-6d2dc9d9cf4b,True
518,d75b169a-aff7-4e85-b8eb-482915dbe2fb,True
519,77195cd5-852d-469d-89b4-fb779cd4b4fe,True
520,878652fc-62f5-41ff-b96d-637ad966f690,True
521,12cc5015-5a75-4668-a0ba-ef23054ff1cb,True
522,803806e2-a74c-4b11-b560-01bdabbbf561,True
523,dc456ff2-1932-4039-9246-a4c9ebc492ae,True
524,d3417cfb-e9ea-4631-9564-5dda7105a418,True
525,4e6f207a-e1e7-4087-a2a9-8161894a6746,True
526,4730fb32-c001-4cf0-837e-5ca8976fdfde,True
527,42d1a5bf-1de4-41c4-bbd2-1a1345ba81ad,True
528,640c3511-7bd6-4fa7-9d75-9d77e302a7e3,True
529,9fe86a0d-6890-46b3-821d-30dca9813030,True
530,b630c5a7-3b63-4fad-9c28-41d1fe0524e0,True
531,f0d93628-0ed5-4aa4-ac77-fc604ab0af77,True
532,cf7611d2-8b60-4b29-8c26-68a8d1c7e5a2,True
533,eff8c4f6-09cb-43d1-946a-40e15976dec3,True
534,e78715fb-2aac-4ab0-968f-06412b3ce51f,True
535,8a2661e9-6666-4a2a-bd92-81da12357f94,True
536,13ff56ef-8b5d-496f-8806-9306e776b28e,True
537,54ba22c9-ccfb-4163-8f33-b5c92841c0f6,True
538,32d0a015-d460-468f-a830-db523e39f4ad,True
539,edbf758d-3cc5-45d6-a1de-7226d619cc64,True
540,b26abea2-23b4-40fc-ae14-54c6777dbf02,True
541,36de41e5-1833-4229-b822-4a1a118fc2d8,True
542,71bb43ab-074c-4297-a0e0-dfa4f8fd8605,True
543,88788129-a312-485a-ae1f-11fabcbb1b24,True
544,2f41de8e-cc2e-434f-ad3e-ec0639292688,True
545,c2ca0218-84f0-4e53-957c-cae2e923cca2,True
546,51f72968-9c7f-4bb5-8ae3-5da2cdd65200,True
547,c148a953-1d79-44ca-81d1-01958aef14da,True
548,c6aaf16c-e34b-4b39-98b9-658d50c9ba21,True
549,6fe75039-b037-4ada-8f7c-a020bf873b45,True
550,1a362471-b286-4e6b-9712-9f877d47d088,True
551,8dc11f37-d76d-491e-bca4-a26324da9129,False
552,e353f879-8a56-4f84-ac32-65313b4f0a77,False
553,020c8b20-cdcb-4e1f-94cc-33e2665a54ea,False
554,31d5db19-c7d2-4a3f-aee6-ab6eab221c4e,False
555,c3a66ba3-da12-4629-800f-828490944c43,False
556,41606c1e-99d8-442c-bb3e-44de29cd35d3,False
557,69e92d0e-ab68-4708-b0a4-97d5fe0047cc,False
558,c2ffe149-593f-4e4d-b6cd-e707a081d512,False
559,42cdf4de-e81c-4284-84a2-35a80e97496c,False
560,0058f9f1-b50c-4396-a4f2-46d27dbfe4b3,False
561,243158d8-1311-466a-8cc2-37b70e4c46fe,False
562,b0328ad9-7e6d-4203-b02f-74eb6c6bbb6f,False
563,2c130b46-d3b8-408b-befd-e95b36c03d2b,False
564,24fccf45-edbd-4ca8-aa90-36fe613d58b3,False
565,5fc66852-a90b-4438-960b-e67dbf316640,False
566,eecc0197-949e-4099-b060-7d6b03c67f41,False
567,ceede2d7-39e4-42d3-b867-f74cafb53d42,False
568,c06390f6-0605-46bd-98a6-3b800323aedb,False
569,b8f1b7dc-35b1-4848-9a86-568bf7f09dc2,False
570,7c50c62b-a0d1-42cf-98f2-6993f53f25a3,False
571,638e5df6-2cab-41ce-a4a9-6a1ae95b77c0,False
572,4e0797e1-62a4-42c6-a679-dbd4b16f2a13,False
573,4fa6e5f5-9de6-4244-8079-4afbc665de65,False
574,06e371c6-31ab-4ecf-bc71-426c5e2ef439,False
575,914a7b48-248b-4ded-befc-b0ad046c6520,False
576,60a60b8b-3431-4520-99da-f4364c0dc993,False
577,bac2c6a3-e472-45aa-87f1-fb107b753844,False
578,df5e89af-65ff-403b-bc24-effae8ba908b,False
579,a1463504-857c-49e3-9216-178abe561600,False
580,99000e71-8111-48c1-ace3-502bee4d779b,False
581,0a0d27ac-6b9f-48c1-852b-10a4dec91ad1,False
582,258b6a91-6475-43a6-afc9-1d62e6ec4198,False
583,13afbd98-f748-4024-8e48-41897000c17e,False
584,7794fe85-baad-493d-a9ed-62fc3c2a5536,False
585,e1330b7d-bdf0-45a3-935d-cc560bf4c96b,False
586,12c6e904-c5d0-4ac5-b83b-ccdd18842958,False
587,077c5d9e-64d8-40a4-ad72-14f988e42b5d,False
588,4921fbee-a276-4050-96cf-444885acc683,False
589,5f31dee0-5ddb-43a0-86ab-4a9d1409c4a1,False
590,951d6303-1e9f-4666-9efc-92da9edbc864,False
591,05dd592c-e926-4b90-8812-7b5a56aac215,False
592,1cd899c0-f944-4675-9bee-5e62bdeecdb5,False
593,12fb6ce6-7ca4-430d-a90c-9935276ae9f3,False
594,5a4bf1c2-390c-47a7-87b2-8782f621f2fc,False
595,169430a9-5d1c-492f-814a-8bc24e897ce7,False
596,c78690ad-1474-4e13-9f9c-7793c5b5515f,False
597,024a6a35-405e-4c4b-a102-423390c19aea,False
598,711ba611-7c0c-4ba4-a9f0-f4fef19d69c3,False
599,f01e327f-1d20-4601-8863-75df3bb69fc5,False
600,dc05ab1d-f2bb-4ca5-bd63-483ebb98c5c5,False
601,5875eb0c-881d-4387-8560-4ee617ee5724,False
602,1a94a937-2e0b-4cb7-9e9c-62ea523e7d18,False
603,c27a0c86-d7be-496f-afd1-f32bf1bcc286,False
604,f9c02ca7-f034-4574-a5d4-fcc5b83b24fd,False
605,4a1bcc4b-c8b2-4be9-b634-ef6c88431906,False
606,5126d4de-68dc-4ce5-a912-d24c38f32cd5,False
607,719a1bff-b45e-4b8c-a17c-b60af9791004,False
608,7cb9b28c-044d-4c6c-8270-5018ef02e4be,False
609,ce543170-50b2-42c7-92a6-babe3b878eae,False
610,b8ea2730-ce1a-47d1-b6d4-6cb125130656,False
611,9ca58e1b-c449-4d23-b034-ee9e07fa656e,False
612,b3c2537b-9a36-4860-88c7-7d92e403099f,False
613,4f371fdf-b516-4b7f-8986-22dfe1ba6bb3,False
614,67fd4d75-dd40-411f-a8a5-725e4591f9db,False
615,dab046ae-ff96-49cb-8274-4695db8808ef,False
616,f6e08372-a2fa-4371-8d9f-b9353f11a5b5,False
617,d519a9a3-268b-42f2-9dbe-2870bcb2fa4a,False
618,7302f107-648d-4e1e-8cd1-75c2629e6d61,False
619,3dd42f26-66ca-4aa8-b7f1-2102081a74a3,False
620,cd017f5a-1ac9-4c98-a380-8f48fb7c4ebc,False
621,6abf08f8-bcd5-40e8-9445-48c50ad1cbca,False
622,4ee81578-eebf-4cb3-85a8-d0a15d065c03,False
623,41091f7f-05e7-43c0-84bb-de282056e675,False
624,40e47876-b172-44a8-b54b-0f047da41887,False
625,1f8af5c2-99ba-4ce4-8b18-0d52e796ed88,False
626,f7bbaee5-20f5-439b-acff-577bdb1dbdf9,False
627,05fe962d-ac42-4d93-9df6-c1e74131e2c9,False
628,c5181601-a57a-427f-bc91-582f77cf4f29,False
629,2fb5e8e0-55b0-4b92-921c-bd252b2ac754,False
630,119ba302-eea2-45f5-9d3e-89ee8472f24d,False
631,4c392679-c4e7-42d9-8605-3fb799edd026,False
632,b38e285e-ee5f-4b93-8542-874a0bcd2b01,False
633,4fdd0a98-4a0a-4b50-b170-72e7e936cae9,False
634,fa60ab35-f86b-40ad-8789-3ddcdb34f924,False
635,5b2c4040-96fc-4bd6-a6cf-4888159d07e5,False
636,f3182fab-cb74-4487-82eb-01c8ed9cc58a,False
637,6f4d897d-4eef-4bae-b128-718c09995b1c,False
638,acb5bcf7-b3f4-49a9-a6fb-02d44b501a5c,False
639,4721817d-fd06-4f62-9a7d-e7a5a751464f,False
640,f261a556-592b-4849-b805-a990b7e96dd6,False
641,cdad4837-681f-4075-8dcc-0a7173505e23,False
642,4c473394-296d-41d3-8764-10ec990d1607,False
643,d76600ca-bed5-46df-9ba3-060a4cd05955,False
644,03ddd814-27d5-4573-88da-a08c2f23b4aa,False
645,90f79402-0a45-42d8-8e59-b0fc5235dddf,False
646,1ed02a6a-3d3d-4ae8-b97e-8633d4edfc75,False
647,09644707-20dd-4a75-a4f0-c8a6dcc2da55,False
648,5e68d66d-3d83-4ae8-a548-b6d091297c37,False
649,885d3061-4922-490e-81f8-fdaabee29389,False
650,275d5049-b63b-4134-b2b5-0f66945473aa,False
651,d3d71419-f617-463d-9fda-557bf687fcbd,False
652,65a386a2-ac6c-417d-a16c-b72b471b59c1,False
653,3137d460-96c0-442c-b1cd-a3932cb156fa,False
654,c7f02a91-e89e-4d38-8d4b-51e30f83da63,False
655,b2aa3869-6af6-4783-ba5a-1450d8a8cec5,False
656,bfff45c7-bb2c-4793-89a0-e57a99cbed70,False
657,329f5a74-93ec-48de-a569-cf40a386f712,False
658,a0fb8841-b363-4401-a03f-502eb4180aa3,False
659,c2dc6651-5adb-4464-b696-63dadc38d9ea,False
660,3f25b4d1-4e24-4117-9c90-556131b0b204,False
661,96b5ba68-dc65-4823-9b39-823a456ff1ad,False
662,3b6e1209-bed1-430e-95ec-8cbfc7207554,False
663,94291474-f8ac-42b6-8951-9bf3028c4a37,False
664,5de76e42-c29f-46a5-8620-51626d35cc59,False
665,58629654-0d5a-49c7-b193-d4f88aa0e1e6,False
666,4f3e74d5-bde8-48c6-a288-58dd274b5e54,False
667,595ad386-92af-4e82-8a2a-e5d06bf899c0,False
668,d7298be7-7eb3-465d-9f24-0b1b40d20c47,False
669,a071cf9a-e88a-4be6-a91a-997d60ad5a75,False
670,64e8164f-2ab5-47e9-bbf4-4840e96d6013,False
671,d868ed14-0585-4aea-877e-2d88ba665b88,False
672,3c06b93f-051c-4d19-b297-b9d910cf61a5,False
673,2b995f49-eaed-4a96-ad33-1dbf9993f4bb,False
674,9b48bb82-6c63-4838-9e0a-37b7eeb81ce9,False
675,f1cd36cc-d3e0-4a38-8228-7b105ad398c1,False
676,bd24ce7c-b65d-493c-8de4-63d536102e7b,False
677,a13ba5b8-f57b-4af7-9a91-eb5636878884,False
678,a3637709-e817-48a1-a54d-c2a97593528e,False
679,9119c8d3-9894-4a88-9420-a6fa8ea05a0e,False
680,d8968732-86df-4e09-9dd5-3e546bedd3d7,False
681,aadfe188-d665-4fc5-b343-95faebb2c4da,False
682,f4ab97a9-23a7-4539-9f89-9b46f96e4d1d,False
683,e917c9f4-771a-436a-ab25-488b63afcb70,False
684,18f5209e-64d9-4732-b9e0-888c050156d6,False
685,3000d185-644c-4acb-9a16-b7ef281e9893,False
686,27e14259-a62e-49c4-9c29-2777601b2bc6,False
687,8c1cb820-88b9-4129-af45-c42d7427cf7a,False
688,bd6a64e6-c844-4567-8d74-07619b8ecd9f,False
689,7771f1ff-2f49-4a95-93ab-bb1620884d22,False
690,5a6a9e70-1c75-4554-a12e-443607fc3b99,False
691,d2666db3-347b-4c3a-be8f-171a38ce8f6d,False
692,88609a30-7fac-4049-8f6f-6663440184ab,False
693,683d47d4-334c-4d17-b698-a72fda1190fc,False
694,7a94d14b-8032-4106-a6db-82485f4dd2d0,False
695,31d46ef7-d6b2-4c7e-b622-e0fbb299805c,False
696,faf44997-b139-4079-afe0-464d4f4cf543,False
697,f2872312-7217-46db-946a-a20bb67d5114,False
698,d6fc8713-d5f5-420e-856d-4eddcee4d49a,False
699,5a70e809-8fd1-406a-814a-4c80f5b91f13,False
700,450875b4-c146-4534-8234-a42a731f0689,False
701,024113d9-245e-4b67-afdb-9a7213d94446,False
702,58dc33c6-8655-47a3-8395-71cdd21b291a,False
703,5b232d42-4c97-4e6b-9c16-8b1b543e3721,False
704,ad7f31db-6905-4bb9-81fc-15d457581eac,False
705,c3f58136-2198-4a39-bde0-e2a8cf112a56,False
706,235c896a-e118-47db-a25a-bdddb871eb88,False
707,32a02919-620e-4e56-807f-df56c05ee846,False
708,7aac545c-c1af-405b-879c-7d821a31af66,False
709,ad01f0ec-b96f-4cbd-8d2f-1146495d5c1f,False
710,dd054896-faf2-4dcf-83d8-f84e50d54575,False
711,395ff5da-168c-48c4-b864-55c25fd1f18c,False
712,c05d0fdb-46d9-456b-bdf9-89b9994703db,False
713,a29b77b3-c456-4f2f-ace0-41a0890e0a72,False
714,a1aca10b-8a7c-49ae-966f-720fc847e27e,False
715,14d83ebb-669b-48cf-82f7-1bfeb73d82b2,False
716,2e3fb5e2-9128-4c96-b17e-8638de2b955d,False
717,2e2ffbcf-c878-4ac3-9513-8c683295d506,False
718,b99e9741-7f70-4971-8a0d-0cfa776f226d,False
719,519da51c-47b5-4373-8609-68e60c3f0a2b,False
720,d2da013e-fe7f-4252-8da8-efbe03b3bffa,False
721,c1035fd1-d29d-44f8-b502-45afe18602d3,False
722,730fa266-8099-4373-9ad6-b4cda94dd302,False
723,2f653f81-07d9-4956-be39-efa1706a7f2e,False
724,8c9859f1-ae3e-4854-adf3-8e8a7f7baefa,False
725,c4db8bbb-942b-4bfb-9e6d-107d58b52480,False
726,c4603468-1d75-4b5e-ab4d-059d2f5dd42b,False
727,33a29a0e-298f-4ef5-a246-a253b8d919a5,False
728,889662bf-c226-43c3-98c0-df7a2ee4d762,False
729,29c7cc72-e012-4152-844f-9bebc9ab0477,False
730,2c1c8bbe-411d-4b94-8ef6-5d066c037cda,False
731,ac558f52-d121-4e73-8c22-119eb8373c9b,False
732,e16d2312-f475-4fe1-af94-83143ff3892e,False
733,8e542269-6f6c-4f0f-a37f-74b7702b7c20,False
734,d37fd119-fa8d-433b-aab1-360b32646c99,False
735,3290a2fe-cf97-43ad-a451-398fb6c6e6f9,False
736,18ea2da0-3034-4f2b-a1b7-a58991b8e448,False
737,67bcb7af-11c2-4ceb-b9dd-978306704cb4,False
738,bd360f86-617e-4e60-a325-35942fd97732,False
739,c135f2ae-3e6b-419d-936d-9d35995cf3c7,False
740,f849dfda-48ac-42f2-9fbe-9a9c4708525f,False
741,03b78381-f30f-4eb6-aba8-2b8fe60be1ec,False
742,e7a86a29-b04f-4b7d-8702-eec081002aa9,False
743,715d4e82-3766-437c-b8e5-572e2aed977d,False
744,bd7df8ae-d73d-4337-8f32-8f84a1258a1f,False
745,e5c80b7a-8184-4369-9138-f34793dbe2b6,False
746,76044812-6acf-40a1-831b-2984c3209544,False
747,f2ab26fb-a175-48a7-a750-1a337ec28a67,False
748,8912ab0f-588f-49aa-b015-05161a4e6593,False
749,0c3bb4e0-65bb-4781-8d08-01e73149b712,False
750,6e7dc1e6-d4c4-4ab6-a686-57ba5c1c0b85,False
751,fc17ee2d-5339-4b77-abbe-345d34fdc6e9,False
752,627b93a7-f3e2-46f0-8eb9-8d01a5f3c187,False
753,cf91921d-dbd8-49bb-809d-11bf82da5ef3,False
754,199df745-e972-4d6e-acd3-5ae5c3c9088f,False
755,210aaf5d-80d0-468d-916e-084a73df0d23,False
756,54ec5fb4-a7ea-40f2-87b8-2ac58bee975b,False
757,cc27aea0-7b6d-44c4-8493-368e62e04fcb,False
758,63626a34-51cb-4ad6-8f44-6207b2ae5583,False
759,67876d19-c8a8-4f2a-be89-f8cdbda2fc38,False
760,8eb68196-da9a-40b0-bfd7-1188145a3297,False
761,e8cef25e-cf1c-4dc3-93f6-759a1dd54c1e,False
762,30035faa-7197-4dae-b2ea-5bdec9c44f8d,False
763,d3de00c4-908e-498d-8bdd-0862ebe5a1c1,False
764,5498b67b-4c6b-4407-8b2f-cee301609d2b,False
765,47349a96-e21f-41a5-924d-691a9d822e67,False
766,b847ca52-a21a-4c88-a97d-f500a3fea0bc,False
767,9a7618b9-bbc2-4e7e-9885-35f8fd7b62f7,False
768,884d68ab-80df-45e6-876c-32c61874a95c,False
769,b83e6654-eeb2-4647-b9d5-9687895c8f1d,False
770,cbb1456a-1936-4477-9244-2012c7c57d09,False
771,2d6c4826-7b4e-4740-826c-6b33980cc8dc,False
772,ce0d6f4d-c0c7-4f8a-9760-1f0785519193,False
773,65dd0ac3-3d95-48e0-9235-4e8f15ce140c,False
774,60fd723f-c876-41bc-acc4-f0509a2f9090,False
775,56f40d06-8be7-4da2-b589-a49012fdd261,False
776,879a7422-dbee-4754-91dc-1b8372a56f25,False
777,83ff1933-4f71-4054-ac3a-548a089a33a4,False
778,16ce8961-e9e9-4805-9a05-25395578bb1d,False
779,e24e83fc-d526-4218-b71b-3e52b90bc95c,False
780,a8bb8bf9-f3b2-439a-b568-cbf31a790bb7,False
781,4ddb40dc-89c4-4769-90ca-7ad0caa07a4a,False
782,6d3a962f-87d8-4d2d-901a-4c06cc1f264b,False
783,e8665080-c9aa-472a-9821-47bbfbee8bfd,False
784,8955c322-cf66-4a2c-bc82-1c0a0612ac9c,False
785,1b32882a-1379-4d9b-82c2-53cca8528f94,False
786,de1e15e0-b70c-4aca-9dff-fdd2974ee0a3,False
787,82ddbfda-cf82-44fb-af46-3602cec864e3,False
788,d20880ba-c9b9-410b-ae2b-24ee473b716d,False
789,12305c6b-db79-4ac9-afb9-d4e7fc3670b7,False
790,80561888-d9bf-423c-99ba-dd108088c059,False
791,3a6ae11c-7655-42f6-bca9-d712abe902f5,False
792,ef5ae4a1-5b3a-47b9-ab99-e8814dd744e0,False
793,3cc32c50-8f2c-4c7d-9d46-e6299b0519f9,False
794,2b0ea250-28b3-4875-8fd3-c8eb381157b1,False
795,64084be8-422e-45f9-959f-c322ae294f59,False
796,09b53fab-db2e-4cc6-a666-9ef59b2c9a4a,False
797,0f6cedd8-4356-4fd9-9da6-6fa25206773b,False
798,c6b82ac3-9fd0-4b3f-a292-029e6025f373,False
799,e05c5cac-b2fd-4b97-a5d5-8c2d54a12a3c,False
800,e3304f76-a99c-4462-82f6-ee640269360f,False
801,25b02001-4cf2-40b7-bd2d-6051ec4c6f47,False
802,3a89294f-bfdd-4f98-af6e-386fd1d6c0b2,False
803,5270d758-5b5d-4560-9c0a-638e0c43ada6,False
804,3d589af3-bede-4288-a751-0d753ce5f2cc,False
805,324ce92d-ccbc-4773-adf8-25aeca980a6c,False
806,3b1212f4-f7dd-4663-9526-7554fec1ff92,False
807,0563e88b-ba68-414f-9fd2-3c87c63ba71c,False
808,98df1e7a-4f68-4be0-a345-5908b8d69a6b,False
809,0d3b259a-9e0d-4443-9b8d-98be2f3ac4df,False
810,745fb82d-3827-4fe0-9572-eb5624cdc0d5,False
811,08e418bd-5698-45b4-bddf-56a281b39ebc,False
812,15224799-1bb5-4aa0-8bab-1b3db38d8a86,False
813,7b1f812f-b971-425d-b0e8-e5e9331abfec,False
814,1cb19f46-c73e-4cb3-a50e-776266e92b03,False
815,ce6c3f2c-1552-49a4-8b18-5b7f45362a6d,False
816,5ebcc928-a405-49e7-adcb-0d8ecf5211c2,False
817,8972ec1c-ab58-46fc-9e30-61a6e7212b32,False
818,fa66bce8-fd66-46db-9b67-11db8476b657,False
819,f017c489-4b4b-47dc-8c79-3eead99c6294,False
820,e6cd6134-4f8b-4a67-bbd4-ebcb476b3eb8,False
821,2588dde4-9348-41dd-813b-9b8f77d0c461,False
822,962064a4-9bac-40ed-b172-b5f35d3fd591,False
823,5e5b679a-1b75-488e-8436-cb82db22cb93,False
824,98317e0a-cb4a-48be-b406-f8d7d38a4c23,False
825,e32ed3e1-1d06-4a3d-9a21-d956f3135d34,False
826,095cfaa7-2c33-4389-b913-aeaf6c61d712,False
827,b49c238f-4713-4aca-9aa5-a0f6c6f6a5bc,False
828,b2380bc6-9c4a-41bf-8861-263b63983615,False
829,21358c23-6f25-4326-934e-e922acbaff41,False
830,67e3b896-3bbf-44b0-a9a3-586a3532a13b,False
831,5f0baf47-2151-46f8-8d08-fa8b184695b2,False
832,a3c89f83-ccf6-4055-8306-83700799a046,False
833,89f6d872-ecd3-4528-a18c-42af907f5932,False
834,90f9a046-bd42-4b5d-a747-ceed51fa9d75,False
835,47cace7c-9713-451b-8af0-30f2980abf69,False
836,e386c06c-a131-4e7a-80c1-30027768b0e0,False
837,54c4000b-d02c-49f1-97ab-f829e628b9a8,False
838,01791b58-5cb3-4cd5-93e7-7f4433d52954,False
839,d3ac2bdc-3279-4413-93a1-2d1891626fb6,False
840,8e435b42-2be2-45ed-88d8-e4cd7a268420,False
841,5d4dd5d3-4506-444c-aa08-2768edb9ef87,False
842,494badfc-09d0-43dc-89cd-701d26ae9196,False
843,e38c9002-74cf-4f06-8013-7e0f2273fed0,False
844,6da5cd5a-2f71-4878-8498-12c6f96783f8,False
845,27ef736c-cc46-4869-b78b-110a847db22d,False
846,8ddd0507-660f-4a54-bfbc-6ce98cf779f2,False
847,cc311c5a-4ff8-4ef2-be95-2412436bb499,False
848,f6d245aa-af7e-4a3f-8824-b0b154c2406a,False
849,bec5b790-854b-42f0-ac6b-6a4da8172ea0,False
850,8de9a8ea-a25e-4e24-a574-e5e6dc6fe297,False
851,ebeafa67-560b-4984-9d18-6f147bf6c407,False
852,b3c3a9c5-8f6b-430a-98d0-83ac6e8b46b6,False
853,3e402ba5-3da1-40d6-b5e9-115cfa1e5a68,False
854,88980202-1307-4e2f-9ebc-6236d997d252,False
855,17ee9199-7b12-4ae8-a32a-fa13c2c520a7,False
856,9097f675-e58f-4208-afb1-c9e40a243a77,False
857,b4d89c52-378f-4b11-ada5-0825e3df2b19,False
